153744,489245,-977417,390419,-816316,807078,219140,588889,-343856,-944026
-31046,782928,-508757,-103612,-283800,-843022,-62742,15597,-313104,-103419
-952499,571479,-424378,-49667,-528226,421946,-178652,128693,512177,171705
909868,162666,-826035,-127359,-940459,64714,805131,489920,995411,22924
-676366,-239939,-532828,114671,-197278,-356683,-806805,174173,883850,108462
-209800,-162367,-627184,797575,237872,-916968,214780,597645,-794775,658026
973173,918122,294850,-429186,147539,826781,-929089,952634,-743251,722393
-177410,738772,-753689,903853,45290,-436496,-635013,503678,-31967,551327
-481720,-219912,-617261,-279145,-668597,-251453,847193,843762,959438,-982481
-366687,-140599,569773,556903,787201,257328,-372611,-733633,646920,-560859
-431027,-231979,-385831,-710429,355159,951531,-309214,371732,740204,-41507
550695,737520,973419,-361276,-126993,434299,-605443,883679,28352,-105977
-32263,-239831,463572,-96239,-54349,-847147,938695,-457377,776214,-32096
-493749,44586,-175010,623736,-239772,-649783,-511285,-895127,-658815,111390
-767240,-93548,-904839,-205367,-776214,-467040,-74115,994755,-806132,281550
685291,340512,110208,570620,769533,174517,373706,678929,-159512,325641
-386739,782647,978827,203687,686786,-649971,930206,-714354,553870,753619
742498,-637195,-37146,60821,675270,928156,-818687,-321887,495046,-584804
-890173,-179117,-84723,796250,669941,419166,939718,-159326,-115902,996796
688027,804579,-643626,125051,325866,-910111,-773418,574847,164519,-88143
99363,-558649,928355,-540708,895631,420304,-414513,620866,947532,623318
-700920,183837,-507658,8011,529329,729853,123778,-140118,353286,-131075
624668,-393758,509052,629492,974480,624080,86495,407088,-299183,83728
-365486,842761,788862,48983,-904107,-576530,-563328,-77447,-921202,244810
166247,249606,-777133,415590,644291,136517,416685,98499,-522101,-170426
-432754,714119,-19152,-454706,10393,-481614,532523,734503,-862594,605678
-238117,-210831,50050,-886933,649856,989774,-707055,802768,983186,-61313
-183215,-460379,-84255,-332415,685533,-817877,760795,598998,996447,-552359
443794,-494633,733725,824002,-500307,424310,151584,784708,299262,-230021
850937,-220403,705749,683447,-568559,-183764,-853665,669184,-85881,572251
-277034,176076,-133699,750676,-895465,-26870,-45255,499282,-826613,-440887
975528,218245,416056,772627,-419859,690094,113923,-346447,-874949,-89984
-45462,-93032,-613891,329600,702397,-651353,-869635,660229,550996,-831154
-997242,-636471,-817265,-499087,476481,394472,536167,-41958,-327260,958572
-452807,-280265,803109,-974529,846417,453801,-636047,576899,208168,635427
480023,867494,15894,823615,17108,7302,-863935,1562,-948223,42175
-972357,-265900,172387,911200,353180,137781,382815,-613336,268766,385656
848102,108674,-363870,-885926,-399294,710955,-236894,-37234,-900499,957628
638926,-160558,-940735,24500,-126428,603617,499193,352876,938125,-216743
946844,-301820,-540420,16482,947958,782476,-345560,-828059,-156492,-825066
403397,78946,355058,863552,957272,585852,-877981,514132,906242,785529
786779,-217118,-59433,-677282,581065,194135,-604275,-92205,-24487,-894927
763891,-783660,922418,-331169,-795641,-12980,-922224,83169,757963,458983
486795,-205972,-874376,252905,120798,377485,-377522,833685,238699,50771
587057,-636539,-955942,470887,879285,-324292,-628979,-577557,847006,-947880
-711845,-342223,371535,882017,863002,38418,894312,-773431,-643224,400900
528435,788942,535995,256615,147300,-411947,74197,644758,-829522,318558
658503,-849942,752206,353965,694776,318935,-973098,-357773,717907,651804
267891,33200,387272,-628770,97890,277281,186283,690883,-214771,-449805
-961696,355620,-5866,-683921,883520,-664166,68606,-916503,42071,-691153
-707992,35173,-702014,856878,325787,683863,901228,115049,607644,-734971
375893,-741320,-515133,-610284,-803650,-959555,504644,-652800,940831,-611156
256773,185843,-240168,431147,624145,-707319,101184,987754,624024,-406667
419250,78745,147205,-224035,-370482,-900665,688134,-730310,-771406,-89693
609920,744895,173065,-515269,-488897,703943,108821,-368373,464345,953422
-971570,631259,351510,-44311,-682241,898548,389807,-131124,-867382,-967678
826422,-687090,-740096,673682,460602,-784955,410452,64405,804290,230372
-513796,761520,476516,679540,166864,-522451,-242766,636840,-674114,-685633
453387,978645,160116,882439,-533701,62858,-814568,553407,349538,-873022
-853973,-766292,726251,-142082,580838,666456,642187,-46366,-298192,588171
-284993,263707,-70261,825469,537217,176870,-612272,210001,-923655,936926
525980,-436459,17098,-214769,652979,380173,634588,-312349,-18617,-704369
-551962,716144,-305128,-417544,333420,663612,-929620,-778772,951976,-403152
202884,-656760,-825112,723596,21889,848642,-640333,-537400,374348,-494279
-153918,850659,222064,-837544,-739261,-190902,570851,937319,310235,-91065
-958184,678014,443486,348433,-415747,-498484,195868,-578569,-220643,-617505
986290,-790710,951200,836223,605880,-17843,699734,-913955,-412281,-278019
187435,-768234,907892,-600497,795242,-947785,586027,776158,828829,-108042
-956893,123611,-513067,-255014,474415,840261,-570561,-745105,991446,-718436
-935164,545598,820310,-964146,-682514,-800336,-138573,837956,248617,-474323
729153,-610635,74531,-749931,470405,-544330,931248,-362246,-893691,-75358
856206,-551789,-816556,-663816,-964375,-240474,469148,-284927,106495,546379
763995,10794,-60091,-571131,-401406,-912920,998676,-924862,-599671,-165192
426512,-683130,-726940,404240,571839,-805984,-316724,-31958,650563,454694
-422130,807666,64943,743943,816493,307162,838820,676405,594354,-658388
624621,984828,894710,134708,-464278,749433,-214442,-532837,314617,-97282
912714,81063,-585073,929062,766150,7189,-600357,-330014,-596216,953240
-752148,-952741,-382165,-194102,772736,-635497,-284112,-717221,-483694,-329029
773904,-511818,445045,182578,99553,-477509,-758663,64284,28850,-579171
-124196,713203,439509,-870371,-343528,-348815,880248,-303382,-72153,667955
874516,-33193,2021,808922,231379,40771,61108,-12842,943099,586599
698329,124317,997703,-370484,-657831,511799,-373438,815440,-480248,574253
687283,435683,-470922,-456670,-387073,-643372,286997,350447,288569,-643742
939421,-680039,780406,-837936,434749,-841365,888991,538012,187409,187796
-241033,218332,744564,430638,-435708,-356150,154911,992471,820570,569507
141794,872663,-722728,660217,-457686,505551,-108444,-556035,787093,-970919
456811,29138,414141,-530994,-745045,57729,973819,438756,260344,76094
-107883,-273928,-674018,159815,-951684,-514720,835922,-854753,546658,791997
-874238,-922651,-763011,-600157,-365131,677477,-827511,857458,-956420,729477
35715,-838586,527483,-919644,352680,-13676,-294703,-953095,-727941,309093
203940,-102074,448112,-606688,906342,653411,335012,-64986,-562760,346999
-601937,437578,-695081,817499,760375,682158,917974,868829,-847596,308512
358157,-968701,945614,-689357,-980812,-763896,996531,-191250,-775941,-524943
-547141,311354,-260743,622437,-793034,-193224,-874841,-717947,-818349,-254101
-933371,-508882,-309078,-561096,76670,260523,-226406,-984798,-948571,320285
-740438,-790622,194766,-927399,-942453,-911153,-230429,369471,-202148,-164570
-892894,-66202,-801971,149941,-373126,527596,-722053,-612284,-725582,991580
957578,770644,-142772,-91207,-86048,-542679,-834933,-634441,20388,-766175
-585136,-563669,740545,126209,701651,-308675,472709,555396,-372095,-133995
-102700,47288,212343,286087,658866,-889271,295426,73092,-216298,-745706
151806,885457,249095,89213,-978794,-838025,-830991,946754,-341270,987534
639055,-474469,997776,141905,-473651,-31607,860022,485212,593760,218816
-104267,-147282,-372399,810562,-369423,528526,-828183,-221648,396593,697485
148116,-135862,361966,235447,-940606,-52654,421361,889870,391386,355488
-149469,339389,-596208,739726,-337137,157538,876716,-704023,-69383,-185524
-130107,-272742,238077,251946,-342815,-904687,994671,-246096,-236789,586571
961315,479912,-451253,602177,-741469,-82146,208817,-693367,109753,-317121
49366,820387,994772,-122209,-174713,-618774,-199707,376791,-145049,-348060
355742,-501799,455688,-748329,-124203,-233502,-508672,478000,-571326,946723
-122950,579030,-195814,237040,997913,673826,935738,-973926,184971,789795
-193911,262574,-669435,133909,-85302,-433612,938922,-783596,333302,781905
285616,719930,-462503,907540,388365,62926,686114,-992720,89046,380674
634314,-179505,-103949,-713007,-654425,-318325,881747,937512,-674296,-609989
484709,676637,372474,528701,-220732,-997145,-534548,-24909,-191936,252620
-386533,850210,-829556,3485,-541960,-667425,198391,53311,-371085,-546334
-528069,-392918,96704,-778847,602352,-426174,885589,-732676,-53288,114287
-77438,-250085,-136769,-782104,-395668,-445766,826664,-752081,-282036,-144297
15254,-215506,-908214,-51,-627210,-897974,-757277,113725,-672299,783165
-256282,573680,-85232,923894,-481900,401453,-786682,-838496,58137,-658022
-355057,-51404,-145892,-433086,843435,-81083,-42972,531645,997584,479152
-117572,478931,-773477,-437111,-261856,-528501,-462497,267565,427759,-895045
266883,207929,378396,910978,917278,633535,-604170,-282626,-709211,463750
-447228,-32384,-416792,825041,-504292,857538,275348,-409003,301645,-748761
993883,-499053,-720407,-73988,-448940,-782509,747207,630496,-416814,-706685
-945518,326007,-852858,254350,-370526,-8358,-5742,-344367,445087,-378066
669138,-129270,-943862,-439924,220254,-169716,448543,-483599,-688553,109216
131485,1434,-175314,971464,-300416,739028,-507140,-205143,667570,463127
475139,-40232,10259,-506708,740394,-84922,-969310,-614028,94646,496939
167559,-507141,-55265,-294564,950302,-52828,-425414,180160,789025,305168
130836,156845,2806,490561,-883443,-525567,-939259,-895519,749278,74567
770403,647132,775004,-562039,512189,921139,4331,-160089,-496555,-175413
-794752,-778033,-232507,-753957,-492439,238391,958082,-635665,-183880,53700
673494,-208025,-295388,517000,983214,-723090,749949,-927944,346180,615874
774980,-337191,502098,338270,199217,88225,176210,-946304,912155,719748
-65183,-386175,379441,887507,-61213,-979680,-382989,972558,-200233,-945338
394688,-152281,-665972,986018,72212,-724811,297161,-409811,-405260,665276
-921878,722759,-38488,476453,468821,673974,238650,-177872,-246047,-758964
614590,791248,-907931,-314916,839281,-433447,-5410,-882295,-169390,-890134
781586,23095,-277652,-513330,946732,-526341,747980,-210767,-920234,772444
639845,-83181,-975629,630498,433208,-408711,353385,658315,923256,-388290
-957115,505740,726133,-69850,-970648,-41348,-717906,-17998,905472,125350
-352068,-742713,914904,-69082,671212,-919836,-885864,351358,-390991,-261030
527283,399237,161224,500895,504504,229908,585576,-955707,-255365,152760
-108014,342651,-192379,503305,576971,198108,-648243,535958,831987,-828049
-106074,-327537,593963,876144,669659,-826221,-791892,954732,899724,820278
-106036,-873129,-965261,-941978,402222,7775,719583,434492,398556,-490442
-12953,848642,885517,-182989,707399,332170,-52970,9809,945793,903454
454109,-391772,-813877,-715720,-313015,-171863,945,128781,605434,488012
957297,927457,435475,-157652,-409161,760790,932620,-496167,443386,-265748
39100,735292,544289,-301748,-108876,188586,-204949,813958,797234,679130
-115474,-296232,-155896,418754,345458,-704910,-881397,494845,102925,690426
-192183,-988906,880272,893351,502985,728319,401496,102393,966567,747071
-429046,562125,320804,89511,-921956,-752392,783713,-343795,578173,-209118
133314,-94492,-501486,-668967,-64427,787224,906159,-897515,-281970,-872082
-559018,45191,-786771,-500766,-725010,-435915,-621923,670988,360538,-640652
-743693,-397925,859657,-404742,-238134,-552713,-471400,-175803,-819835,-6618
286052,-921343,763463,70636,-72071,676047,-426287,-934437,253950,891737
-651246,768515,329258,958358,910802,-799450,488410,131318,151833,316944
-441394,740964,-444903,-955450,871375,-379982,-542630,-488874,-414382,-464328
-172497,453643,-880779,754697,133468,-968674,-563040,99508,-944599,-163916
-741339,733808,-906474,133202,-990460,-893725,305485,-41839,-388833,294799
-320016,528111,-138747,607313,556098,-908036,954354,-148938,-966704,-217189
331674,-43146,101136,891895,-858500,-8639,239849,614389,649834,-126781
538764,-420846,83477,-40292,855832,402539,-72958,-353252,482240,-242738
-910549,-777308,385319,190736,-937738,29082,-957226,363998,57567,-939029
-187399,374867,-890062,-365076,-15677,278673,262324,-469407,-819556,477616
446283,467014,686244,-205715,545449,51206,559435,769294,-506539,259641
-742132,-586356,-161004,-850423,907979,-660867,740932,900110,303030,-727115
548381,-468724,-900285,-11677,-752433,-809311,-405492,118256,-865743,469188
516687,685399,-441302,-314927,54094,-353063,-761097,-112269,458539,-492833
888795,491075,-963176,-148503,954336,-964015,-724580,932891,721622,477151
-550489,-641472,-865395,-178881,-638382,-345958,558390,505285,654773,157976
259222,418211,-474016,574623,97536,-37577,-547301,-656919,589431,-235426
-713865,777225,-294388,66292,637825,93388,-247550,958600,-449972,502901
658324,-53591,-619547,-502262,-538015,109027,577851,-581248,-222517,-268181
-631469,334777,-108164,-460078,-167522,830596,-973231,-444869,-14593,885292
811975,425363,827517,-798322,-286192,803715,-178914,-323230,970302,-999577
765564,-600260,-860147,-483012,-234583,89953,523209,-19022,-572207,505983
530383,-828685,-18206,-715269,675642,201962,-706875,-347071,923181,246843
-305943,-563657,-438291,860501,-355630,-914644,-42767,-911958,531474,946209
298678,-585247,829677,59634,342532,855818,-583681,-250741,687302,309354
-9594,895386,604430,-194292,666600,876574,-79204,-508430,651406,-744645
-456131,-843829,-543828,126125,891054,-81382,623876,-295238,455146,-148439
-361081,-211912,339539,-452030,738706,881454,-573844,867205,-890439,-690403
-608226,-203016,703933,-550073,-649849,-687108,46722,-712424,-731030,-493152
237146,-939203,37775,155968,233647,-668369,806983,-405627,910467,-94894
178670,241367,804911,-545090,-125867,-192463,798174,-230303,835774,387455
-447630,578851,751271,-26458,953858,-778879,-884083,-750178,724746,475061
272834,-242204,-216267,941792,-98679,-443994,-136687,568620,186800,-826035
317996,-943885,486050,171725,-408101,-190957,-364379,-219644,17637,-189123
-476586,-39224,995069,924694,350621,-647463,-883220,-297350,-374014,-877023
875346,-759893,651842,805320,625013,342161,325227,244811,-291061,201764
190586,-579826,-280795,-272101,-488137,615599,688613,-449859,-310432,918644
-245768,585734,336981,-716857,-583787,472615,72420,-779409,624666,-114896
-959138,573624,792150,-538851,-864092,863856,-463720,534310,709319,-143738
577553,459490,-68766,284471,-220167,663933,-934818,-630205,-57013,-543617
492523,-892334,504278,-514141,43168,814234,-491515,43662,-966086,412606
-999841,-506077,-454415,469033,142473,-107311,691608,-521449,634676,-806190
-462271,22996,265286,845413,-242334,958018,241602,-13643,167059,893973
-655440,-851679,-72184,432494,179103,-496543,-768281,-619870,46990,361155
854097,737858,-796318,-739464,325557,-708195,-444133,-871941,-890400,173240
-391360,206590,-193748,628681,901598,373113,783876,90926,198093,752841
-75748,183654,-417218,-848896,-621462,-640243,346669,-82813,525641,-916855
750846,-231369,-879068,882236,677133,955132,-458468,-802487,421290,460797
646062,480214,286670,773281,539196,951027,-498740,-38564,753658,-930439
-706795,-729234,52377,587545,991027,-268244,398872,939442,656372,385017
-714667,-214137,498986,-77864,367762,247260,794199,74606,73159,627822
100868,309993,80421,167070,-360366,-196731,60440,-418692,-227212,501679
358506,-132685,268145,839266,-966154,860754,-565991,689188,540980,-252460
305002,394536,-944214,306293,-620388,-862561,-67428,-542154,-808010,-97862
849711,363971,-107026,-859790,-552235,-826152,447728,522489,868310,434237
420990,649548,247929,303926,-42692,814638,-197073,49029,-165089,-676876
630830,771913,823142,267385,-611192,-956654,353827,806995,400271,-661242
780531,-871274,-394911,-840234,-344923,319170,-120205,809340,769670,-898004
678339,775877,-953665,241581,410999,987027,392782,442346,103874,-768208
-33750,924894,-982728,-579585,-353600,99695,-901782,-617335,-190027,-496734
-157821,924304,-568453,401916,891229,-445244,-232074,-295178,-527807,-807838
-603719,-914108,-680224,-381143,-829881,-412666,-587823,9,-128285,879982
-257133,-450727,-392883,-331669,444989,-771169,-173267,-61165,-735025,-300478
543563,857430,452612,704294,580649,727532,966768,-325715,171569,580695
-319242,-554614,509525,973514,209898,-731628,733070,-918197,162939,-163533
-638939,373557,-528475,210518,794772,-813232,-525524,804633,635347,752506
145430,-975922,-341406,2916,679568,538535,836383,690817,-523240,851941
863293,652530,913929,184876,-554165,-277061,585631,-45642,-600041,-369603
413125,-738353,-807311,-997912,681554,-892635,220700,199900,385377,-622302
-340328,543735,-430710,489499,56232,-779565,300067,-554166,-966890,687540
498537,349399,-969645,638852,337216,-908821,310360,160941,-606526,520527
700399,59294,96583,-437847,-65271,194413,79579,-469948,917821,-819670
-776724,354876,-530593,-355783,571544,720795,5587,-463932,837691,798397
523727,-474643,-482412,-630501,-818829,457191,140498,295994,97619,179920
-366465,267843,2922,444699,337378,303852,293245,143888,-23099,-345691
922410,180530,-150661,181942,449354,-218785,-480206,-350968,382220,-461507
816659,386601,975840,-83546,-333646,983205,-998391,222006,-469213,324913
-395041,-961171,-180940,-680116,714351,-953720,330625,-526253,203735,-980270
359308,-901920,741532,212725,24880,139494,-890620,-887126,755206,125454
552012,-240795,85062,-755177,12868,115511,826353,86282,-617538,256715
354591,525494,-597446,-482945,80998,-473857,886202,-190409,980609,-92550
-76886,323874,-107908,-23069,587675,-80314,-627262,-597119,-209168,-212951
-60043,846659,-643616,-253967,600645,-632713,-876790,633026,552004,295201
355120,625520,735989,-636988,90983,-932701,463057,345053,977062,889966
-921915,755946,331746,247556,-184835,353217,-820991,-162501,631939,-839259
-284631,203890,-77400,227849,818706,-971539,751101,-690503,-862143,600795
153323,-815601,263255,253685,-186219,-766314,-269174,828210,-591499,792788
607573,957847,212303,619267,144529,863064,143507,-322570,844546,24327
360107,725559,-725610,718590,-958253,-407414,443538,-226304,-367947,-760723
141426,14334,-953931,437606,-606824,-158545,-114580,-101687,50014,703897
-862589,-535385,877939,383,-899822,144327,337971,192932,442245,-86635
-78896,-65975,363464,970898,-223107,210056,-546808,264326,-133862,125980
988105,-360081,-785395,99627,-644465,-336225,-318970,183449,749790,282621
644215,-834744,-682577,-484086,615924,139956,53353,-618819,228411,-979468
-390700,-215944,-701975,199437,887561,96547,-67557,-413188,656088,869918
227129,136746,-813820,725985,-57011,-714477,408853,-755572,-14840,727317
611839,439214,648549,83725,-977906,862394,-861681,260574,-250317,302691
-128139,700031,-650849,-868187,247716,-713530,862642,-156073,768402,-989748
-732245,-79532,865367,141468,300067,670394,-218887,648393,695249,-756229
-630489,-32843,-846260,-43110,651319,-314607,468542,788015,362593,278804
375651,-320201,29405,-308004,313530,-643631,-532582,802453,682428,721131
301637,389198,-494697,-916049,497779,-161343,640216,421571,197112,-965099
183206,-814221,374222,-135180,129550,-938736,821654,735600,1444,714307
-992824,-658694,379310,-112973,378353,434043,-669897,550847,717727,276017
-712538,-669895,-397483,955144,249363,927080,-456487,960992,-436698,-522883
582315,-551297,291284,-315656,573944,503114,-174535,806024,-519439,-538353
457083,-149462,-627879,-77069,783246,512878,188096,77008,-478215,-97468
65780,44669,-905543,-874492,559911,545826,125450,564671,-986949,-867191
-379800,669516,777272,49376,119728,54543,390234,409104,433910,92110
-275421,-239313,601085,249409,671556,740695,-300778,-347924,-541984,-964461
-352110,851312,796487,183583,-107416,-200686,-150775,974656,220076,623691
-938316,423479,503823,-309424,7497,552343,-982552,-761194,450915,-191169
931221,-353936,291437,-779911,293383,-797966,69211,532238,-134826,-151638
-582610,-190583,360486,450822,-624163,-507145,-537175,-895906,-22245,-778582
593258,-718702,-973818,620989,103470,502796,990348,-285558,-945203,400913
-65256,89319,917374,-492631,37903,197429,144203,465530,-693400,273674
-637610,665290,-267351,-936959,-134570,627003,189496,-309644,-637220,-883151
-532947,-645611,-726539,-532853,16124,80098,238194,317705,114597,-636499
-702112,266374,612713,-45221,648014,465290,205120,-560328,456742,225134
561619,-443731,-342584,312035,997236,-574769,968644,-98673,969286,-626554
-173108,-689042,852344,-321808,-870066,685449,433902,-53936,578007,-430426
337408,-885481,-964055,866081,540668,-9906,-50576,454278,-735776,-614599
-440014,-981349,972394,120040,-164779,623118,683298,-675893,514382,-233517
951508,746344,729639,-155537,-697342,-767033,291333,80868,-121196,-390296
-554016,-893475,883067,-510664,-459584,-127459,-31528,-550826,-57501,684345
-71921,-793798,-324281,833208,-512799,505661,-187414,-589206,987485,-709741
-417726,75056,675081,321204,-86629,371118,447324,-288826,-952847,33084
-775250,-422786,327693,105523,970398,717720,870411,-599784,472130,-48943
-795506,-470537,583995,-180805,-323733,-255927,875733,-21897,-85287,678184
104546,-786130,550305,-237731,798155,500714,326114,790960,-642479,-440216
686534,452090,259504,971387,-420275,-693390,-123991,168072,579285,-370172
-205076,-984948,-120970,146304,846677,709865,458446,889284,-305484,569830
749897,-189278,501627,712375,-712638,186096,-370253,-248152,-391682,280493
194790,-5654,-901610,259032,-274550,609058,819239,-977041,591295,164313
-82726,422598,831415,-66651,992218,42376,-930413,-100479,-306626,783138
973068,-301602,-833708,-454286,-341450,-85053,599935,-432518,-608617,14352
904602,258683,281496,-583149,-839260,575675,-774331,582101,-453545,820191
-210411,774410,-684686,33257,-714636,-285865,-575032,-653909,268360,34758
870864,-972746,248664,369398,568351,-864999,-461601,-320744,213841,-966933
818168,-875225,854574,-929423,-906462,598598,148413,809966,-590238,329108
233900,64094,856506,-543150,-958935,-979195,357036,667080,-130310,-399603
289577,891950,-825420,-58476,-106319,47573,492307,-476580,587105,13386
528048,254501,-232703,736199,328927,-131931,-645750,278540,-572632,180362
-28331,-6502,-435420,-76489,-829384,-15298,-389931,-745024,657073,348569
697001,-811904,-644833,-814426,-917971,881940,-341930,-829314,12151,-102604
-11723,365141,-668350,-344536,262091,-17669,-831058,-48518,-346080,592571
3508,-485662,482724,-272513,818167,337018,591449,-195274,311215,-961048
-42833,-578343,-49427,895284,238233,-994087,260662,-431625,-90197,-272567
-564514,-851730,-446446,989312,968745,-991800,999202,763580,385300,-815093
-458654,298774,-581094,-27135,138749,539427,-742669,-464483,994500,-218052
438903,902510,-662752,269223,-223140,-309597,-864874,688786,260734,930922
-656628,375925,831084,-982271,396537,-25985,638453,-654118,-640354,393658
-215344,-504574,674613,452588,825330,798089,753713,-725268,474416,-131346
-502832,-482195,763145,-618880,814268,-222097,-144264,885618,-177982,562757
7788,14852,768191,465868,282814,-692974,-715742,271055,645760,916489
67047,-226268,-33691,-748054,174690,154109,787712,-510584,610561,183153
-30054,987448,750678,-500216,-67299,996083,494808,-221588,77062,127190
451930,-985261,-550410,263674,-859538,721802,-972827,-474016,311247,269664
-791172,445394,311035,973752,484232,804137,847760,-667837,-564279,-816686
416854,111442,-403108,-417025,521253,729058,-129220,193295,-106418,-611117
-707335,816483,15584,-366520,135834,900017,308632,-918200,-156106,348753
-179631,717743,-238642,-679072,-540552,-348865,559674,-889031,207779,-721922
-21627,-947427,881635,-926140,654237,901061,484307,-510473,538409,313991
862052,-823210,-760548,-198685,-671094,743964,160924,-207509,733149,349465
27757,434110,-193092,-180547,-235597,947945,-350739,556249,346113,286803
522497,-125433,69069,390277,67372,-721729,659194,807446,-111234,626962
-291457,-163082,257197,-559706,987179,-528184,-134306,472618,-299908,-976996
-648692,416025,704484,749993,-51991,-147246,-220966,367054,413515,139708
488646,-911611,-438789,270918,816617,-513762,-19555,621040,711061,-419914
-829425,49801,-132568,539891,-561660,-177478,297909,-780230,983702,-704390
-510566,-265395,915289,545645,-911168,340542,961553,-325514,-575844,431449
279696,426876,-200166,-68628,-686099,-785291,473959,959352,820839,4091
586025,711706,620956,-910728,-109035,-169947,-548959,-333899,737507,515268
-866268,858052,-692620,500636,-716363,-528735,-688359,937767,-713541,-53963
-961584,-845699,-512159,461072,-998216,-543011,987032,-553045,455216,5227
515179,951618,221246,32343,-431712,-909457,364575,286652,-186817,374112
-148441,-89960,844843,545602,521999,-832644,616555,-209537,-832056,-645411
321689,-726288,631209,-534512,99543,-163540,554184,-456793,-795044,-711834
647648,-515305,771371,-639293,-754819,73060,565535,-160021,-510599,-720273
-687440,-403239,286569,-74816,-970013,-396779,-796999,-948649,702289,-380848
964517,-239461,-205568,-354753,-895563,-353385,251133,-671175,285118,-946105
-157384,103951,396589,625380,-886668,-894572,-945384,758735,-93913,488699
818747,509902,429734,97924,778675,-719777,-514899,-478819,449833,-822400
-705149,406448,458599,-315012,872706,364682,-73369,206666,-444308,-99025
-507115,74350,-859265,628950,903014,793356,-675164,752332,45771,-917743
939293,822974,94726,812821,-42750,-644595,-446095,-534346,-992543,-886967
732079,-188411,-490519,-246711,-440064,256818,476778,-124489,-24592,-886289
819904,278132,865794,-382835,958639,448664,4585,647074,-513285,-264756
441920,-863810,-895959,-341054,-888899,425762,174417,703643,180527,-193292
-229321,-876476,-22329,364999,714676,707516,334105,-332074,-899,-811719
-806799,-446396,-108646,-501461,-463607,434246,-908675,-93557,832965,-314339
541804,336369,-517973,-714631,104026,407323,-556706,10785,-331233,-848685
-276123,644803,433428,108182,761801,-923517,828917,228249,520857,-31511
88156,-595828,657897,356399,-371958,-249604,589992,720790,-907602,-408704
18210,-555573,-282309,-907764,-46960,-232586,997699,327949,-238194,-806819
200706,355112,-605468,990554,-651790,-211533,632772,-268229,-867499,-344271
777212,-555414,-221116,-976366,-815876,-517495,-133559,287107,-800598,291916
687698,-344952,203474,671152,621504,28421,-487686,80554,887302,-209106
609482,-678370,-708610,467781,898254,-996703,893823,-628573,-299120,650676
368783,-199097,-433284,471889,146719,365782,-828853,398420,-286529,-479373
178624,-702792,156727,824083,-342186,-796878,-688656,-191244,-384782,-76869
-789674,950056,-643473,-83266,264454,226528,969192,834694,-382445,-783960
-347197,114067,667642,-959174,-304976,935051,20645,-52945,870381,-682545
319428,644200,807285,469451,-83199,590830,-391111,915042,-439112,-941383
873192,451527,590926,433248,-700073,368673,300051,-361285,-976107,716732
-325077,283426,615417,-211080,-76051,-147462,140825,-168263,569645,-366846
-259901,-232790,-852132,681939,942277,207436,-543279,44655,-24832,444590
-257296,-27164,541070,468174,813971,-452724,211564,-598590,-607627,879238
718295,276985,280062,901350,-366446,748082,-27895,708722,170466,97566
-64299,119850,972440,-145188,-949043,658726,661321,-770210,987967,288217
-575967,-661089,642003,314136,-663420,189218,585549,135364,-620376,250167
-235688,-537853,-584872,-221905,-5608,-744134,835699,-281000,-878197,-588107
251704,-998100,-95574,-653945,172420,-113191,708004,545014,-837338,-894044
561299,-173852,236767,750813,-247228,637170,-484623,36335,-315583,684476
304390,726829,919357,454692,-58148,-477884,-781741,-118946,325245,-863578
290286,924736,113107,-886239,765134,599285,177621,869124,182233,293477
-882627,-336043,-895141,270925,-362761,-655609,-987765,325359,-112572,163346
423016,771163,355077,-789202,966008,102562,302862,-357630,246303,-560708
334746,-807866,-132672,377324,411953,-643632,896253,724501,873279,495988
-417750,406912,604739,649526,-474472,-189478,496783,449249,268469,-53130
-860488,183219,-421022,750161,-210582,-957085,-304008,449669,649747,976225
919650,154327,900635,-244665,761921,-855384,-814440,-11303,763089,970330
-527263,710099,-253984,-195166,-568927,593380,-227943,389377,-990715,-322141
-481757,933765,239339,259266,-142008,-285108,889100,863196,-551353,756599
-637526,-345045,-660287,-940569,-481095,-200790,-997094,789083,51409,443907
796490,795146,-958969,-378011,357337,595138,-815677,-45213,-452839,-863895
886420,-215113,553265,567611,867763,901257,403492,-254283,138936,198359
652193,-21376,659581,146368,-756506,49192,-613084,-848553,-141180,433996
585335,750032,-874056,-823345,561288,-640329,41665,-768325,-399620,614020
-916546,294837,778531,66070,150770,716617,630270,-710347,-33230,-645739
-305992,863058,-904439,200999,-556260,559439,392512,793237,925008,995342
612409,8015,-654794,135914,809858,-891230,-657833,-412516,-20609,997451
-11706,-389311,-220565,-610732,182671,-340328,-877943,-588398,-36095,-149077
-313758,194461,-183948,993306,-819,497821,-191994,-584609,-441024,50338
426330,-864223,-453371,254916,845799,-582508,-548375,465826,855638,-522448
496924,196177,901816,-767092,-179036,846140,-652230,640352,-981284,698626
-516045,911215,-106244,545169,-879040,-705644,-957494,464540,-795648,679812
-180550,402677,375622,-190894,20936,266171,9218,-121501,937078,325902
-627675,-904913,721147,-160231,541091,705391,-383525,268473,-88499,880293
-582244,480895,669629,-28865,433352,-551027,854564,-287876,-375815,17195
618910,978332,59715,-795557,-294811,819363,680499,-333312,569852,-950908
947201,-111340,-481458,349235,839755,746532,531726,235655,918312,511729
518506,763582,-483577,-880889,-570390,517025,378158,560295,24929,-219826
376757,-963391,-360838,186002,-473448,-830156,920122,170518,-912932,-798792
-529108,-599211,781796,-370290,696401,-805297,465430,-210459,-616351,-203080
529351,-849618,554555,874265,360511,423109,167594,54106,-480631,-755856
-864413,-105756,716137,203178,-636850,758676,307255,148954,-94535,429841
100375,-583742,732588,-395610,-425276,637326,-173267,626495,-71129,867548
156011,-241190,-348417,-351580,527707,228800,59948,152567,-557932,-991996
-227108,838134,552312,-573725,-58608,-358765,486999,-187211,-118090,-485591
-746444,462703,838988,371370,-443363,-356775,-480542,324293,623987,360460
-855922,-234467,-899712,646895,794042,5395,-667101,-119905,641172,-51693
946464,-934525,-95133,851471,974051,-270630,-316403,870604,-648528,671664
-574910,754301,192173,-122352,614612,-668941,-90252,847821,-610372,-106284
-125235,980245,-440972,-491670,398422,-654609,588491,772746,863365,801854
361164,-76783,-439749,710764,102274,-511682,-582076,-711589,-104634,-106263
-85418,-262573,33597,98700,-994428,-72675,-337776,36340,-85087,759204
710371,-585352,-39204,-72173,-96901,962800,-248945,715478,469097,296500
-740778,-290092,22722,22256,-365701,-250315,-610249,-301820,873773,236816
135221,357151,-897157,-644984,894279,351379,-246139,-759074,-956145,-342199
648156,405814,881732,712925,-319785,703166,899966,327053,-126767,345852
-778176,-257912,-122455,-381483,567648,383802,826800,201494,619047,170374
205029,67690,-139099,849865,425423,472694,360371,-136203,-380668,499565
-22853,-193830,-341067,180815,-20826,-999934,-928766,573754,-890837,392890
225731,-818978,-30270,-723813,-418025,-216565,-58398,286442,736767,-693985
436635,799482,990928,-269677,267872,-459023,-507575,689660,786289,68966
900143,-271459,583482,-35322,-468951,175074,-236154,302267,-818613,529695
-38027,487962,-169767,474030,-109175,-429598,444784,-229684,713472,493242
277273,252438,-963246,-989271,60360,-803581,502843,497625,478760,-875652
629203,-97981,-210011,-575387,758459,-831872,-974630,157712,-642377,943936
355034,-39936,931418,374486,-95011,-193856,-552793,-657327,-900934,225746
-321042,67676,-546243,665757,44153,-878631,368149,-751961,-744186,-278460
-189109,-414311,-193737,24364,-393625,711191,834430,610471,-780803,-557338
-171865,396952,387735,-719732,-546980,-363231,812873,302131,-236303,789144
-790862,-504572,233476,526512,-188189,-102176,734561,322616,-187158,-312490
516517,-663709,18714,612093,740630,144116,-966181,-189837,-743718,895287
870857,-697273,630900,-258883,972299,-353726,482176,-75248,-233196,-165353
-473201,-352926,214316,709611,623557,-83715,-689656,495519,821538,258957
558198,-310154,756193,289536,923920,302658,-397601,480585,831842,251905
-369348,-732553,-829232,-686867,-519521,-234835,984423,38670,349319,124974
367294,-852883,-525808,-60764,-204897,128286,-763570,-462706,164761,-928793
192082,-180060,593805,-130167,-690950,-916460,-780260,994671,-57592,-523316
-379503,-518044,-235530,-195114,348334,-349989,-187366,503045,590240,429729
222986,-467671,-466634,99705,547236,865715,528794,-32520,61716,355604
-283974,49369,24172,-213852,930034,-591370,854023,-763082,281781,-110907
-710286,374007,-148712,-495275,122422,-406822,442810,-167583,-396607,433012
-267587,290672,367957,88530,-752031,-455726,635892,9011,-793468,-349081
176922,-771927,-320327,199645,-779808,-59614,623595,-380942,-41649,-512486
-636529,-634742,347676,-885086,-915982,-496550,-173402,-155060,-195497,-996846
6744,323222,-9617,370202,262819,493379,664847,978501,-774200,425175
-950816,50379,-747292,-475854,-736804,531199,-712265,-233266,354250,-854690
-336459,-489333,-210808,-308091,-763373,-792788,-497913,-241736,109067,-696630
158339,-915340,-766127,-490246,487658,785178,569323,-712450,283365,385177
-439521,550825,450616,-852610,862,-119745,-964436,683227,329314,-844057
890359,20244,-280247,-744946,-65438,77046,721210,-444584,-875561,215140
994720,-652829,-596102,-436209,-651606,-653213,-516705,399541,213602,-611026
-901721,551430,605902,-129124,-931108,-307613,847600,828071,-343629,709038
689614,295847,412393,-620166,-345210,899996,-343209,270405,229285,-653410
-275319,-607342,-705530,987105,736664,-309123,-894686,464353,268628,903346
-343756,246875,36223,-202164,971985,-697234,-780643,206989,151339,-210725
268642,823217,498713,986799,-845838,-644500,932788,325272,-415603,-906747
-831118,-108297,-663977,-803366,-556380,-550948,254828,-951958,230672,283362
-681880,-321642,-225791,19553,-452189,841695,-820113,533848,-131059,-787976
17821,-101306,247173,-691953,-938704,476889,-136662,-597074,905656,165735
723160,903686,781414,892326,57992,-100539,-22815,-752704,79646,-110989
-928510,578706,142766,-221278,-189384,338347,242965,-615345,-383824,-924563
539596,142602,462075,712696,667164,-979743,-422856,925687,443210,-222397
979534,-876429,435168,-854021,-309307,98960,-330475,-349532,-665057,-549628
524751,-703144,968743,438350,-172025,962613,991873,81006,-721223,-505869
-729864,463165,593884,265342,85984,-329668,-470355,868750,199750,-549419
65347,-931566,-584075,117400,-921086,921503,-81812,607690,48254,-579099
-706277,635049,-511543,-636440,-959736,-856605,401586,-194634,-41321,670967
452382,-272546,-856880,764102,-798156,-59068,341541,-213201,134771,-190775
-973841,-193270,-617068,-243230,532733,850071,-124773,255595,359911,-885224
434251,71788,506126,761389,484535,925448,314683,279816,-119693,-556511
-725848,-369450,-287804,-39039,-559514,820702,-861415,193906,-382050,603779
-724559,312557,-928219,-847775,-836492,-222940,394,201239,-787963,734817
805536,-513742,-481284,-35638,846488,-940772,-236384,143949,879276,676964
-754499,441249,547744,-759627,220155,-917127,614080,-843437,962833,-242784
-276374,310534,157822,-396221,203746,129580,-497314,598643,947403,-555513
-778499,-998762,693547,454463,-570541,-375552,793641,-713237,-167175,155117
-371330,102134,164698,164388,-343439,-254078,-667333,-532635,137948,408775
720610,73561,151530,267674,815538,557868,-724678,-817721,-207373,331272
-675227,-315802,-900477,-928511,130823,-719190,826550,-52429,-493953,855085
-723593,-918433,-733920,-643568,-618577,961334,-989526,52624,-854615,-498037
493447,-90893,-439895,235792,-817731,-569262,411182,-111810,704428,223797
272616,-927208,-762777,-868475,14149,570897,-608620,688199,41194,870992
-597112,-423485,-664932,-988892,-85838,995364,-12131,95317,-106617,-477130
-396841,144771,613598,266222,-738405,-20928,-890366,981164,837549,297927
-818484,692501,131486,992559,936177,145341,-725910,978908,-789485,977867
725701,805575,-149240,-687771,-124099,-158560,-224528,-766817,9705,19315
-81993,160729,59125,376028,-413020,957541,197175,528192,160621,568647
-44730,-613839,57204,-76118,713990,-763660,-489539,867054,734156,-493323
-507099,-644803,-702000,-753721,951489,-487586,-877233,558611,137057,-761794
-166724,98673,-252648,612229,-110085,818736,883930,-88664,348482,255126
-776510,498888,674766,-24509,-274335,311671,704642,-23617,884061,561995
-208604,-925549,421541,661713,-379100,57939,-409751,877360,-967671,746779
-183822,-941482,382074,-460264,-617835,898583,-672395,-842556,105538,-512530
-31904,-141769,-743764,718468,193559,380028,-537569,-762435,322876,-526912
332277,940601,-116388,-606234,-761038,-139552,-615751,162738,-648310,573130
54410,819761,-971113,305008,-277527,10325,-525957,-242548,746045,408623
-330585,-828457,-518849,-755481,403186,-106910,259907,-320453,948565,157930
571615,245784,16177,-427346,301740,-81862,-832272,19355,-651426,144931
656294,-493825,-285072,-226254,-501413,-128703,33730,-675394,-409709,-422446
820192,-258833,-534014,-327607,-601322,-491341,-973580,-177670,175749,-391400
945378,-739868,554612,642463,-351544,154933,397295,-192821,-589429,382044
-737792,-112317,253439,16075,-452741,586246,87869,182430,-164588,-18496
-631133,-729282,672138,-126897,-729197,-419702,118432,-335177,214193,-241670
-226007,377695,-589317,-769749,-157049,54203,-355176,-434633,-648835,144375
-657926,266756,-229197,560026,147597,-253562,-581380,360972,442104,-750160
-85985,-967028,-719474,-792662,-51627,236923,-374321,-426333,88490,-727751
626656,-810635,832202,-192587,-161716,-741767,961916,-922822,-751212,-45461
-401566,-996264,-183229,-75012,849170,-928408,-904161,-605936,-87891,-534800
-924468,751832,-668167,661769,910202,182369,386795,-963260,-321559,-764015
866124,544187,-967313,-740619,-34422,840444,188797,257312,-213130,-361025
-6577,-555680,698282,-770514,801559,106005,663032,573457,691729,835982
-424631,-669915,513602,-318980,934689,758757,523542,485742,186450,131043
462657,-248124,-44204,-402292,-887962,258449,-592236,-257022,-683507,-571301
-844995,128037,529232,-441375,-520040,512735,-503796,-642384,187133,697819
152094,304804,716238,-573335,103278,741249,548567,662953,-719260,-226919
-121853,-95462,-210349,487413,-448502,997134,-600413,552110,661386,-531916
-187413,213276,-775878,823009,826111,-474772,-222063,-506854,525159,-581548
294120,7225,-775333,-913522,-194316,150208,-410018,632146,486305,940225
-545893,-585720,952738,-939776,390058,-31177,835845,-649584,-111444,-932324
714857,149022,-863522,308842,331022,326424,-791629,-134035,-723235,-488755
-703347,525542,561439,-730707,-210890,141793,-508135,-946929,893551,213653
322191,435305,-114765,-825302,-964776,252950,936096,699493,-63449,490771
-497244,-56925,-923404,-225962,574724,73984,766241,-185992,125488,-287256
-336328,-935417,-979333,665803,-487268,682417,48798,974158,421231,332143
-396982,-121218,-732735,402291,-400990,-710995,-393934,-744883,-777029,-755359
-960658,661314,-891576,380306,-533919,-814708,493516,166430,-832305,-48232
-102827,-262989,820088,-429251,-63540,603005,-664113,145935,-248738,-328945
-328183,-618036,-895076,-236179,436749,354077,-278866,-902106,838461,953280
193105,680712,-41837,-861199,-975044,-250095,265904,-924852,875962,-935364
337622,-867092,806293,304395,-599258,803344,700896,641047,960932,67025
-617273,-599040,-871662,271683,-186294,154646,113533,-987908,-496520,-6283
-138544,17813,-162265,59030,-547967,966686,697076,600158,-568273,-649337
535101,200224,431007,52133,-769749,249758,-839591,-167719,-841852,-134167
-684311,908155,321716,705839,415883,986754,-603994,85917,-596815,825272
-48393,159718,-790290,537762,12781,29735,199947,464263,128197,-623323
-815160,63570,-609382,-581180,618231,67503,951139,123920,342868,-620104
586488,-23218,657548,72183,610638,-980204,-207062,-63256,680544,-713968
-256853,-694703,603839,-977066,-840870,-599545,758470,434133,-243868,-883823
-264294,310785,-815090,-610677,-44244,593674,367792,-204201,297749,502648
-259526,-858018,-274908,280071,-28122,460166,961927,-376836,-622225,130539
-36619,-463901,-235018,401990,419125,225496,814883,-760124,260569,62255
674337,-111123,-16170,414077,-328905,156738,-434576,916811,-951916,-227165
214171,645821,-542296,-943137,-748510,-985448,-189052,-90734,322282,-481250
698044,-118238,-149870,-873929,281674,-900951,-257654,162127,695558,557964
-742427,238279,-313965,-774471,305110,-228835,273526,333721,398324,-975809
852011,-942598,56993,478021,869941,800249,754080,473131,-925203,-738988
-134371,-195317,-236534,-923757,-332123,-635664,-697039,915596,-633648,-747873
-981823,-282111,-101326,-284468,313064,500894,-216231,-284204,483348,-324604
-99775,56285,309499,-71152,212870,-146080,598945,126897,-358970,-39471
-309272,-602419,-8838,522331,-131998,198249,-437908,-559508,252581,405485
957010,-74515,267390,-496408,886521,300563,277638,965867,-127308,879983
155201,559530,668523,-310138,129176,-883023,-591669,554391,-623013,-50964
476849,-990257,749413,-263477,-94703,440303,909624,-124478,-67735,777717
166129,968757,595431,828120,286335,948224,416420,-208917,-522779,648264
573310,338676,987595,-140179,-562542,179960,854018,-714780,733900,277769
-636409,-741038,172579,67392,-481419,619207,545099,82436,-788840,-943866
-34596,-491318,-918239,547140,-142682,-942165,-278241,-370708,731057,-129528
-787484,94726,385143,-585328,447275,-599371,235,315817,-512497,-538337
356009,-182449,17142,-724313,-323775,750565,-38621,-216075,755722,852575
-265791,-884250,-35417,-103108,425943,225100,-583874,-532943,627645,132160
-235911,-840821,-917226,494552,-397689,-910455,408125,-191007,520499,781265
710417,-690011,593621,414171,-7028,108131,-375265,937053,-369250,891672
-97619,455893,-516736,779619,153697,-654221,-77419,992752,-671082,-645365
-567706,323502,-52947,-818390,404017,864341,-347290,-568516,825954,-123711
-718017,530239,-143987,-706282,700809,-427104,-377438,-873289,144187,787900
-77224,381228,33078,-740117,926464,244518,-630616,34474,327596,151502
94468,-558892,-93805,-843503,-88859,-67569,-813235,41011,669210,-442188
470149,354374,38472,-660426,-601325,915601,627351,-615195,209057,-795184
334302,290492,852483,-500694,-51070,-814560,698759,569276,-621123,488793
-292305,758610,606233,294328,55622,894702,-200612,993514,-656403,746289
-725675,-875224,864973,693628,-628504,893814,-306580,418296,-917325,840258
977711,-995800,816642,-830293,-747379,160736,552900,-192465,95114,-635535
411128,769436,-423226,383533,79634,748323,401143,772705,-855545,-766816
-547498,-277488,926181,649276,658152,-955657,-82006,-80583,198309,-601757
-375588,-719489,-789991,159698,486275,101,-941305,-972546,960364,-996473
668667,-660689,835120,-212901,-962349,175268,306790,-9799,4752,407182
-140580,-10913,-611919,937260,218237,774676,-16863,750787,-376626,-404124
402713,798633,672289,-69269,-192472,584829,-235027,-467024,-339293,327197
925160,524280,-531836,-374244,460872,-657541,-836999,-517603,836945,793098
775402,-777095,593057,163955,892370,680878,483470,990139,-146040,826273
185937,-13815,311148,-762831,-705666,137465,12332,654595,256236,-679328
233544,-415030,-49073,-639016,-466756,-327821,51341,-818117,932729,216643
-197683,926739,943471,-635378,-443422,936377,670706,312029,169735,-549727
-582297,-495112,827306,-521449,55767,-326118,-781507,681149,487618,-92795
-446261,517044,-352460,-179552,-463022,-716096,-795540,-422493,-176601,966457
-670324,-596674,-158836,5142,221278,191673,-216401,-267398,-418716,-360264
357573,77910,-168873,777368,52221,-504616,-71849,106346,-72416,-99612
30564,-856473,-661398,-259943,482923,-49511,986133,-877758,582627,-354350
170785,-187685,-352256,-712646,584105,828951,371333,-813929,190208,-406343
145482,887985,807299,610416,161110,-134433,595484,407485,-324661,-508692
299175,620534,-106975,125654,303618,-722446,-740462,-645121,668598,96706
-219596,138198,-755763,-471931,-238136,-238752,-321135,-832076,-486457,858138
559945,940972,-505334,-896987,80459,-146820,-993876,638328,-985804,400784
845202,238633,-987702,834685,447060,433347,46320,-740013,881018,565075
395606,892659,373116,-33055,-31490,381435,290659,-819556,-679750,467708
104203,859164,-912728,-199120,-876141,-334346,435874,-797178,-743432,827272
883028,231327,-224218,122705,243539,623473,-903665,354252,834801,-75665
-239307,-899266,-267453,-358180,71264,-512471,431309,-565922,-850323,-990821
689044,-643206,-311334,-798298,-623211,-376128,524810,689635,29431,359863
-625275,645013,-28509,-38966,324036,-408914,-543825,693508,-901296,850656
862593,247798,557522,359621,-424043,786619,-95713,-526982,-398674,-380555
257281,-794693,-729274,-57513,-759114,498952,-434726,-893818,-981223,-198707
-770677,-895517,906104,365315,-907192,816626,289956,637653,296669,-357280
-796029,714365,-249713,-318585,-32242,-777714,-552235,272519,954546,-693287
586657,833585,-266535,108405,-333858,-625374,47813,-440568,261740,-221375
910228,28495,-315927,-306287,796211,376518,650344,-386618,761983,-998580
-921563,-332959,-108172,-492000,-884453,-873335,-854522,-945062,568737,706677
-126624,320964,-981980,-55897,-201234,-440396,456686,-66251,-155757,-547865
303001,-191865,-317262,-985961,442068,971603,207545,-649070,-554508,888820
638393,201335,-32874,-127782,-250729,-144587,-344719,688130,639413,-307397
-814914,707829,393044,433214,878569,328085,-311759,597331,323616,-816112
-741397,286752,-198667,623873,-742012,59962,-639125,-306361,949742,-722411
958871,786936,-83004,-581503,911687,-745688,966940,-662675,379578,654820
-545833,288302,67528,450696,943366,910634,-986612,327217,895863,-958251
-75229,-551483,-831903,845792,-615619,597619,840439,844213,-92178,-295812
283815,592440,461827,-680053,872705,473574,872434,626652,-721552,265935
-612775,-15787,685757,715655,-688877,-468436,-462877,708161,-211767,-156964
-247470,-444057,-934741,-557425,-823694,613913,718908,-551246,906,802474
-499193,-795791,269637,199103,440129,334966,-38986,667383,925271,508699
234877,-436198,482243,537653,855082,568061,-262291,-243854,153541,876481
-763690,-619711,50047,34307,859648,-126229,232642,312432,-281411,59598
-328538,883656,579613,31047,40427,-493846,-355400,395365,-945715,777790
173480,35444,965271,808559,-488642,-851050,-820260,569064,501902,619306
774025,654747,-208463,-977072,-207940,296721,522789,-219765,361345,-823134
731123,-602283,-420822,624029,209824,-546576,-272698,3110,-562059,298304
664871,247705,386120,-947216,687530,-22042,-409598,-148355,-881750,-415789
-206116,-971208,-842737,-551652,522544,-719597,138561,102737,157273,-669644
306792,611855,-554833,-453952,288638,399578,-549129,-702049,-679138,276903
669290,766291,-363458,825523,817157,-958983,-191931,-145868,-105688,386964
-342719,-667425,905368,-129330,-354644,-295054,388584,601740,799133,-530182
-7020,-75613,-685335,-178124,-454887,-998347,-374467,811022,73553,-402425
-429648,-326774,194218,408312,907185,-91901,-358404,149658,-767367,58847
369589,94445,670429,463775,277195,-798915,266781,290955,327612,-119159
730561,-104554,398424,530605,374398,-383581,115340,-83584,919697,480708
-535502,600470,233342,-657841,511970,-385901,408458,-427057,-974823,-162666
-521310,-768802,16582,805446,-426167,-571050,-151655,264690,682396,-816276
-231377,-944952,575502,-447966,-543991,-331143,712503,673010,-377468,-775919
734373,856264,947777,133159,-542485,-676658,29369,-240235,-146427,-446894
-798585,-365585,991911,-865455,882727,-482479,-697620,-352708,918220,68210
400538,563051,-496985,-730980,958462,605658,514118,-132836,-980767,705031
614657,-459860,-205092,-800184,90776,993196,767758,889752,-993824,615982
-771254,-62,-72116,-158390,-708687,845919,59526,-582739,-596112,-676583
-185117,-258283,260229,845142,872685,-117872,-153663,-376795,-727575,775913
912412,987548,129795,535046,-714961,-453244,-399027,578985,373069,-114376
-785668,513785,55978,898154,-108804,-124568,-436058,453336,-840416,-898790
-106381,-579574,-351271,784861,-410433,890761,841448,-567964,374332,166068
768189,733134,-546838,-278137,818403,563246,948898,-57828,853305,-297472
-150579,418144,293851,640897,581613,80805,29066,804395,996458,174354
217181,-186262,-174403,197696,416885,312225,870702,-411408,983576,659872
-133239,415748,-634533,638245,-625070,918151,-350596,596742,-583798,429466
275802,-471030,474116,130035,-467456,984531,-835403,374424,477679,509636
584521,-113484,-948637,-587485,229014,90733,-362129,-705378,911966,292130
332908,935352,887524,-898606,980960,-917862,-243995,-216536,-174264,-435903
-429115,203049,-979739,-598365,284929,254559,-529216,-113125,33015,-421405
-877466,-146875,38987,-950067,558065,-59291,728307,703850,-829442,522183
273970,965474,497425,364512,-170427,-208229,922403,-190727,-846237,762939
-941564,375641,-294459,866091,86912,56045,-509665,393933,-711925,559006
304709,69483,719276,394355,813019,-565953,-337906,320830,648577,183641
-231998,-593411,-731301,198628,-488921,-634628,584793,-804736,-304203,877371
487378,873333,563402,-5937,-82212,-888754,-621763,839131,304143,793590
442332,-803652,-331866,231899,-983026,-845704,-264784,677648,-976547,-79822
191739,396042,96074,-996250,671399,74247,438146,-494627,622165,297971
-699946,-109010,389453,476412,682990,-138067,486883,-344524,-209436,-751943
552184,21906,-980075,-220379,-41252,687983,-760897,-540105,-504266,735098
-735891,531766,-137536,-172795,-248225,949598,-146323,-611432,975822,27084
-584850,-44231,683516,758653,127817,493119,-216439,117663,482031,674563
-437956,291827,-377318,86936,-591803,-134160,-927128,298693,726742,-310709
-727042,567799,-198867,160058,534451,-988249,564633,287137,-700135,472814
-374440,-512206,399307,-577492,362421,-88550,-732953,-393724,970318,745406
734757,311619,414411,-861594,621473,824771,79975,-296516,-53944,976551
-572620,49381,134162,-905775,-958337,552588,-177464,-497348,916143,275966
-76798,-99454,793990,-948945,-623973,-632497,596654,953261,-723100,-669166
835457,-953398,-709134,-205243,-632644,491046,-628682,-857172,-861203,931306
-718509,-928348,727296,-238747,-64113,944333,-5667,-58056,-690455,-34518
-905871,-351161,-152880,829347,-537065,-434282,547601,506749,-401812,-425842
-457917,-317251,-355879,-315061,941,-24662,555663,-715712,191348,-401317
-775906,696801,-494672,340445,970351,-574309,87919,475366,-753893,191749
161465,-155920,-738278,-161060,-211537,851686,836337,-965924,-550719,746563
-723077,840464,-377026,267990,64140,-547723,-302575,405192,-730429,775821
558947,-764651,-216445,-506060,-262867,25232,-20027,-254199,-665266,520002
119955,-772745,717894,-778835,-51278,129090,905434,-775337,129333,-641716
501621,-648785,145470,-226183,-827774,817447,-15472,-524866,-14491,-960925
614421,-983766,-619216,-877233,615416,-567481,194462,50648,-94828,-137782
-260054,432997,-142656,-148205,974271,67875,30551,-618578,811652,-252001
851353,-91816,388445,-728796,871916,-401388,-118212,-669317,351873,746906
-760830,788303,676004,-858471,437727,133703,629679,-616533,427825,-433097
-124171,373968,254071,722764,-393415,-635583,-447542,-861409,973752,-569221
-84087,-499332,-769642,-452047,939201,265473,539814,-961810,-770148,40070
-40947,271878,223699,-275600,806497,279502,-431023,248338,965598,5236
-742449,219277,554569,-734839,5668,233559,71631,-673863,-675,13578
-484940,-988537,-916523,-59957,678562,-828453,211603,-651559,-417924,-729217
559373,-203209,-457150,-700006,116688,-20791,-954967,335759,-803316,-765258
-430320,345197,-659272,-583619,25677,69074,-863995,646372,715944,-959170
925835,83302,-434253,691725,-151660,74167,-207410,-110339,233486,-563371
-764130,-615452,924922,939061,812701,873455,-307777,-170523,90180,536530
-554970,548318,-47150,739924,-632209,875323,811847,-52171,598844,-214985
-451731,385713,-923448,-605219,865020,877396,-182734,-193790,248663,-676285
524567,531078,-404470,155854,-591430,390446,560762,-145525,608812,267283
270917,-644985,335158,283826,-580935,274328,980900,614733,76574,-673518
267084,502439,531128,341145,-107052,204817,871245,497251,-548376,-684889
456996,-381998,-664368,657549,720071,367374,-841699,-732180,14709,94365
-875713,581981,699226,-69740,149058,230857,783542,896130,-912303,-426550
733000,160471,817320,-895833,550849,-446950,902855,984848,-279241,-342653
-301792,-741234,620774,199610,-716202,584470,939773,-901066,610020,-655241
448627,-553971,72129,-361352,-683755,279362,283376,-621231,-18993,-81765
-312096,-962064,982121,117617,597002,538253,-185752,-254726,447561,305785
192265,706109,55006,-803158,-874749,-722105,-711622,203779,-840640,-671877
-121805,29606,-97882,-337375,340748,-842062,447864,626025,743429,61370
284611,-314405,311513,421670,119443,-213974,238789,-677889,-605150,983134
132841,-65684,967589,-706780,-123417,211481,-871778,-216696,837700,918460
-66409,808358,622615,57199,-226449,723150,-617141,-47652,869903,971961
-465614,484129,-810151,491627,64262,5912,359241,550567,-828772,-207784
-54214,-967498,-599368,-81884,-865710,-838046,-618962,-824950,830846,-901239
-52475,415016,-707213,810080,369425,827671,-602609,819166,-293989,-539401
-282630,105894,670120,-117781,997467,207403,-310162,-761698,627260,-76921
893307,298222,-695512,803479,-990245,-960209,43814,-568601,-380777,-627886
302224,984211,911161,110519,879353,330167,-846677,105942,239405,852648
716552,390038,119207,373614,886010,871659,-429864,-754540,517450,107497
-803863,-802289,902696,-880122,-293623,-408030,-211037,389975,355685,-913910
-405735,-993287,-480059,508277,-746059,-405844,700628,-424149,-425748,-989220
638427,733596,702215,944211,-345133,152084,-901813,182812,987104,-513687
-871137,492913,63138,364152,695307,988525,757369,369921,-410543,307264
416647,-387390,-910499,278665,-668975,394077,-994654,498668,264822,441552
531354,-53534,-191561,523952,441759,910966,-828415,932699,426646,-464602
-549087,377806,111704,-432899,-515945,487415,-345906,-328047,-177109,-124817
253512,-207318,834368,274317,762053,-41494,758102,860623,751284,-795549
721545,-232000,-970247,-333589,-992404,-516167,-830266,-3929,-262574,102170
-9565,-194743,-227059,870040,-304866,464994,474613,336562,900443,-720758
48243,-259441,502365,-503827,-620494,-713293,753239,-504311,591535,-963494
450702,-761120,-644617,896562,843142,613872,303971,557275,-543275,-864244
-636202,954187,623458,-257229,284755,-676175,-772607,-683441,-796271,926313
-929353,-436049,73972,616200,117188,965421,-730731,-659335,-214928,-299287
219451,961341,-261812,402004,-124544,102236,207339,-147339,-692929,878709
-409624,-301510,391559,-404223,50117,400980,781777,777574,-268018,474742
-601337,849313,-921348,99387,-144297,-221643,-586367,273954,594480,-551991
377971,754518,-165532,-321387,737602,68665,387903,85005,711861,-305523
-110808,-394758,815308,-629058,614817,-512084,-768805,587077,-819166,331246
-498367,619177,49131,-610220,593549,-358564,-64937,608789,503305,394363
-398228,178211,721023,-13935,824437,281813,988974,23677,-982391,-632673
-106437,-584578,613893,-227030,4667,-719843,-675556,161154,-333741,-566359
938943,-304123,-87516,-480342,-400072,174709,613393,645063,66316,371014
437128,222475,686248,306263,-439861,-704010,-344565,-504197,673925,314669
767059,324444,72791,-882056,-394637,868752,304762,-342903,178281,774070
753862,678325,-695233,625587,498534,-93520,834263,-576572,-510417,-186481
-74215,856729,410781,-591487,-343300,99705,-180308,744704,702931,-272474
162117,184976,829314,707048,196081,-559896,-605363,-394172,-58586,-592133
176880,-92475,-192371,448438,-80374,-350605,455472,544680,-255311,345331
-996668,52613,176924,862617,125212,941248,-568600,601280,-742275,523734
392724,430014,209237,-553350,982645,-526242,-87655,-446849,-260269,-860828
-549499,-172158,464826,-739726,246615,-627820,-824747,547561,610393,55170
783272,-114867,319176,-607533,952474,869177,-380703,808451,281800,746535
-229159,-941208,713972,996726,-980041,318003,-385438,473342,-784801,-15358
-384350,-63902,-407053,207111,-407850,-182207,427702,849263,322875,-677156
442815,-847382,813004,-755215,-275302,539891,-216111,-729117,253021,-906504
656546,-755162,392311,-570037,-739370,-659270,554323,-998385,358322,317714
-628295,-411185,-683680,-634039,681587,-349802,-443016,-973873,-93494,-578438
277130,-56742,705710,384648,884856,-115101,-319099,-597751,413208,715982
-815797,-88133,757808,626705,38251,-62361,19871,-60311,731442,396056
-203557,798251,622970,39447,203870,-201760,407296,761341,-832086,-119359
-418596,-546319,844077,-610138,-227146,859894,919874,452006,-336283,736024
-867,717571,-633457,-843248,467148,-882179,-884927,-670671,-921506,846111
-483945,93963,927696,606738,345475,-694168,-371592,-192136,-143335,287807
-661975,643894,-757409,249603,670609,-271693,554513,335709,136647,-626149
-765384,-877862,545235,-268270,918911,499273,-451504,511811,28819,-350518
375456,-616027,-689910,-614786,828978,972698,144586,701696,-681498,134662
716226,-595857,652756,-442775,47530,-143200,960414,-573632,-107189,-569849
-547752,-761677,451951,319760,478372,-694524,793461,963573,-150165,-688240
-186642,-337280,-929348,304427,61732,-77114,-817731,737683,-706030,-438511
-258730,380905,-43436,-767174,348053,737019,412728,885566,-876489,-144821
-715368,253544,-290583,-425322,930994,145048,448114,-339891,185768,-33664
64479,264486,299395,848915,-955871,-651033,271952,-723734,-837949,398771
323351,125801,-246391,-391961,-274104,890941,-747310,247328,-467344,382574
174550,-121950,-135698,-178244,26658,629510,946095,-618302,-157840,-262480
918207,481562,741429,910688,490575,-360611,384438,-852498,-567066,-525381
420520,-650182,-389910,-887726,706178,332035,202174,-628158,-925276,736902
773476,-906634,-330076,-484727,429389,703389,-874323,-169813,-501835,-945355
720696,-955247,-278338,241110,-380893,323054,884379,-766467,-399582,-209952
-938150,612968,-698168,-655830,887514,301613,407628,507462,815395,-618185
-665425,-578836,1575,-957697,-198065,-130484,842806,813394,-263011,969948
-709089,352709,355162,-113461,159195,-423209,-13618,-20273,-283683,522257
-420917,-258288,454367,-538655,-590732,-873692,220139,2188,-33763,746806
-642666,-135556,-542573,-329633,-287332,-910553,-676313,-443148,996057,-960402
262352,227400,342551,-611852,-965027,-451553,554306,848652,-609841,-639161
-187037,267606,353447,667510,670846,-174693,525495,377788,-744255,-93460
233580,-92518,-172502,171380,731853,-213324,-835993,828200,-57211,-3760
879456,390689,664410,109074,760687,-528995,-127352,-163885,344917,966984
437323,-497521,-534692,-541343,-828508,901051,-791256,-277476,256189,-811294
680096,764401,295651,810325,-337214,764363,-664531,-814226,145684,424666
-18193,-571305,417758,650790,517006,-7422,838370,-78416,48034,272058
-834875,-794091,827808,478034,102664,-527024,11142,-342786,273500,742985
-538805,-611796,-441790,-110286,-862381,574922,-660099,214573,-292235,646806
305350,-392770,-297664,926990,184711,-712784,-413686,32998,-198945,678385
-458307,-902041,343266,-772344,-406042,-537486,-338552,-678883,227654,13242
-151384,331370,-743159,716506,-525291,103284,-240361,-451131,-877328,-148992
141932,-530999,260735,-457284,-99249,-343261,-830089,324395,575838,-881584
531359,-318739,-922047,952985,994142,719782,287018,842359,-374952,370547
571170,442019,-416880,576025,946756,301284,105970,712767,219158,-207221
-574012,509647,-284608,-946367,305317,-578771,251333,-736745,213361,-258138
266820,402123,-475692,-2576,-999744,-296498,-320231,-108053,-493943,-325759
311755,-517966,779749,47898,644688,-329086,229576,-373619,171687,781499
-737676,966382,275487,-858024,-702665,-955872,310549,-735026,988287,255093
220912,498856,-720519,-463650,551557,-995745,-903528,-180987,-706219,-982787
-418881,206965,-579513,-809516,916491,-771132,-549211,36169,-333507,827942
-342689,987893,850226,-628185,26403,-335101,-405419,695827,930389,-483538
228120,661815,196074,-645116,-837499,-217622,682291,226361,-9846,537501
464792,-838817,-377308,-652777,673768,-634314,273323,197988,-750793,-613456
634065,-547149,722523,-341460,-947514,699445,-271105,-70615,-678427,606055
-371916,888428,401299,-73382,-666020,-752544,841856,689481,-240914,-877507
901501,-18556,-627653,-799567,123795,-687645,807571,595661,688135,-596543
-566323,-113185,842540,135625,-166649,517809,-177335,698593,693089,862670
607460,241719,703135,-615008,207525,539956,-761246,768999,414425,-533947
626547,-1994,318964,26634,249793,-752382,436497,-536723,150871,10365
743759,773200,-390494,478288,545220,-963256,984995,-493936,-544236,-414345
-352492,255298,714659,-128836,987136,934743,-843989,668809,335259,104892
-904210,-906010,749482,-516292,539765,-327631,-269142,-557206,251399,-366208
394028,-738481,537445,-825552,643426,-420963,806187,-390822,108103,284646
-610257,483335,108735,384719,279265,-908156,631522,19053,883064,531107
450445,841010,-181145,-782225,755391,-773723,284581,607645,-393059,-84153
240256,102600,256085,-339641,763837,-132235,-639231,719483,-685809,294326
998554,270412,936618,-251999,416649,808478,-991439,-96482,84859,478948
-210583,990622,-466187,-626794,-815008,-232898,968318,315369,-849806,-311919
598158,-882965,-989824,90646,417019,-16857,616829,905719,20779,-128091
-874597,-755166,-90645,317410,-613104,220720,180582,317268,181069,180776
-69483,-329988,62263,-937432,-344327,403306,803953,-617163,969367,-883991
-774689,-648776,274976,428753,-42017,-800892,-616601,250618,452554,200157
305388,792107,414305,-358374,-40489,-90464,-435127,213224,154696,-593964
818612,161408,-259776,678538,995653,-915530,-256560,-698002,-760512,259196
10711,699907,-508619,537399,-506776,950967,-559571,244528,-378691,998466
4121,-936333,-97494,172682,-228913,804480,527185,56905,-617476,-808442
400940,259135,306959,614278,301158,331449,167803,116998,240806,-557143
29980,663008,58675,234426,150856,411994,883184,-59754,485656,457373
-774545,221639,-819278,-254818,-759636,-630178,-883856,-379051,48940,361483
-162819,804971,41602,547669,-951022,-470979,852484,782007,-641783,833914
-11107,-539643,290448,449977,843649,763171,-345151,-266454,505832,-345350
-973405,-803274,-419084,-123600,720726,-866298,139371,-421516,393149,-918474
468208,662671,-183130,258446,980990,-355380,-875783,146352,640212,483528
-950646,787287,95073,403586,-284867,93759,359137,-545203,-146986,-439887
673565,-166746,10490,677331,740983,518260,5445,323003,-826812,-192403
-315801,-664051,902645,-545162,-896909,873977,-355414,45329,732571,-65896
926069,-493095,838858,888567,760850,-72014,-662587,459938,-685195,759802
100923,974829,-704044,659617,491211,-527632,-674474,365671,759969,-995135
-58729,-537643,-358985,-689820,-82883,809407,571652,437091,53384,-919208
244186,-384400,255562,336203,49312,-235604,-1293,-169850,997597,-214728
943002,-360781,-579920,-395043,361691,759449,351967,-915894,-635105,-836928
220971,-299071,-938121,-41357,-74838,-690999,149449,560800,-116987,86421
-672610,360921,87213,-920163,-266967,-988616,-309930,-408883,-140926,662046
-866818,-711235,530651,494477,51280,-585084,832116,-532352,635728,245408
-839952,-942774,956351,-844695,-753260,131773,41698,-768024,957082,462395
-749128,-644043,929804,898084,-879850,-135840,610555,-545489,63467,-440748
-530132,946451,885660,-489371,818618,-787452,10489,795191,-146135,-477828
738804,-632628,-290642,252546,-777904,-174822,-115102,-169734,262251,688904
-327173,-545636,-703403,553165,938475,-268560,433246,-710155,96454,-957701
-651309,-705674,892996,-902111,460963,-539299,304256,-122330,131120,822236
423930,-538292,-838075,-509097,-498916,-366091,-601235,184489,-983865,838546
-265801,863904,519315,390762,873333,480082,845854,-785631,714109,680781
256983,730289,661489,963510,-745367,-251821,231498,168319,-144655,-875791
88923,-289884,-500545,947971,-574172,516980,-451704,-138468,630906,-827284
-103388,-756387,828636,122951,937150,446823,-102010,953715,-871329,606567
370014,-312244,-381363,171774,-837655,922503,646292,59797,195091,-331010
767051,-972354,-137967,-882079,45620,962790,-45998,-602067,-93358,460393
764393,218828,824294,733288,796961,835338,-723846,-872119,-296158,761641
574302,906012,-749808,830653,-547280,-358694,-302504,-166639,-929580,-569923
788679,518118,220909,392200,-839164,208798,-720684,867366,-758696,-463041
-602942,-744119,982786,486622,589975,753133,526327,-109529,217489,161743
276328,376656,-562281,-448160,-689440,945101,861566,884806,636873,-630790
-511335,-387077,545916,-358497,-8224,-132216,387976,-904213,-657517,955777
983135,651347,595207,-323300,-651480,189874,49768,-536866,-241731,-620739
-954068,851820,986475,-112830,368147,315749,104744,-88193,-67675,-42963
-4010,36959,-848779,-340042,-803913,-234705,6948,120064,411949,-43048
-41034,-153393,824298,997622,580594,-846335,-359578,874967,678448,818057
-962303,-789546,316233,-849256,354346,659682,-519798,232559,69526,829307
-604067,-438949,594015,19220,-768361,-711927,-776787,287914,867839,-149516
751635,44442,-969593,-540435,-64193,-629299,-65232,87910,828287,-332043
565448,671295,669214,533159,2273,12279,414844,778468,-993889,-781549
-491655,-487335,-376522,-36983,640231,694927,887273,690376,532003,408233
856182,423412,-978278,550999,-965817,-237708,818413,-187118,393561,77982
-444284,-138268,-243555,783337,-864880,353549,-838695,903675,-745205,918993
681871,-468816,908889,241958,-25555,-707251,73818,-116262,265395,-684440
138171,-82413,-299702,-726857,-741214,-274062,-227527,-142722,530134,265306
-355078,-873607,-467879,-822825,-335995,360901,273310,723308,-126993,-628926
-201604,-81287,173481,10403,389830,-138789,-393058,713551,619640,649338
-14794,-932723,-473832,194123,-975535,585460,-840154,908703,-841566,507389
-633039,-421776,857548,-546230,158891,491161,-862259,-329691,-52225,-458996
-672559,-398193,382453,-563011,405194,-76166,-671284,-230480,792816,-93758
-646242,692794,-480015,810631,650515,-342627,-156231,-559426,664882,282527
-564722,-648467,897043,-233861,328151,-897581,-836683,114256,-69458,-950952
-432811,20570,809983,580028,956395,-761838,785147,848946,333843,-597101
967156,-944343,620377,-608718,810530,27370,167515,33865,-908420,-884514
-366558,-597179,-84674,-862301,-387871,177646,286124,810737,-37406,691063
-892597,-631203,-1429,312957,256912,20594,840517,312379,906347,708508
-400565,-182585,-461008,-143040,359060,-733642,-450943,862005,-47463,923928
554538,-564046,-35740,-322859,508756,237222,-817808,-794838,-760614,-201036
-684287,128787,441784,423477,-517912,-796401,640215,-572299,737568,753621
94239,-675253,430701,775673,-48401,-59796,661725,-965604,-310239,-503340
423227,-889478,892227,-683568,343019,-106269,954191,339839,-631905,643268
-980469,-583402,-146769,-580072,-237974,445092,775517,-942684,-755190,837748
-701071,695865,-13733,496234,-895136,-222563,-685262,-66889,-970739,59279
-73682,-522276,514448,42599,164272,-837724,571390,740000,528079,291841
-933965,-161800,166550,-520904,885256,-491655,229132,104520,-689038,521602
675853,-378091,-797429,221143,643864,691103,857061,-537360,-399078,387866
-88544,878241,-825583,-290015,103568,441038,-527674,702747,787070,506709
-28230,234773,-32915,-661740,240290,-951924,-828386,-842411,-330129,612551
876630,481021,646256,-778926,786695,41202,-934207,171737,519119,905550
-950120,-688874,-588515,-391652,82646,-826829,441166,-912514,929380,797321
544813,70837,-481692,712116,-476195,-45000,889974,-602058,-948239,578521
791745,391959,660525,-515473,-752268,610620,-965629,434109,613722,-315569
409729,-943457,-302398,-937487,-766947,44466,549661,-31480,-832183,-960922
-353777,930553,160819,135591,123920,642075,114202,926262,-168192,-452792
-721304,834537,-4828,265,199873,-155212,-288920,-822096,637872,799179
580251,1341,902425,-656372,232993,844495,-9851,486336,794086,-300227
-180780,-453291,-450573,-592768,785542,767509,604975,-950453,-833303,-900969
497954,-66054,-570847,968590,433334,447514,872343,-53074,-991295,-322768
-242646,-309009,57402,-255095,458835,908642,-221525,151221,-501653,354545
562589,-252169,647527,203766,-934900,-564305,-346884,-123325,617494,-874985
328053,809182,-266302,750144,-461221,-746634,86497,-708998,-912351,81097
-606609,209907,901460,-27359,-746507,-905538,-489590,-816383,-830703,-862956
-960509,-83679,802563,437617,-479895,607627,-663724,756673,823774,499359
58630,433979,523684,-686287,-181546,-264195,-411825,613318,-962371,82921
-892488,631437,-548864,51413,889350,-815780,-474583,-426972,-801439,-976050
-525720,-516893,-167168,-328467,847024,767425,-888580,187148,849632,208303
-69069,-32556,-52975,-104972,-864024,-955996,-100196,852873,-140817,996428
31557,380888,-268904,-955870,996958,-515968,201977,965680,828042,813876
353797,127594,104449,-826340,-494934,402119,-989024,-49464,891704,221331
-944096,232587,992660,-939393,-585520,702222,-699031,725323,584943,458277
-212564,-73023,-529237,462397,363007,275130,-234338,-42896,-916030,-485248
73854,-304806,-434494,-799324,-23672,-227355,-782023,-128377,-741521,248713
119750,-606155,-404724,-898692,190433,713475,544795,323858,-738595,-542983
156428,-413042,-163627,284680,456729,-373653,-749156,461376,169977,-898208
-70932,945184,777543,-488291,-851079,-420685,838971,-991738,-403191,34085
-318154,741838,-343079,98076,-302750,710227,442740,587447,215547,818369
503808,-552001,-778416,151464,-569382,-670865,334467,506959,22069,723370
421028,-723502,-288582,-868242,145234,777390,-361840,-741457,239252,-290572
916183,-473989,570703,44478,576679,-389166,-399721,741176,-487828,358242
681291,222563,-917667,438491,-906898,2914,-839025,-568807,950343,755855
-900479,-470700,-670653,-458661,872586,60187,-691164,290767,84516,394158
-360337,421594,831052,308366,145111,-101535,346869,-200620,184198,142511
-387154,743988,71108,959059,-234458,327746,579334,-784940,-8788,98899
-529070,-263210,-853089,-164421,-277699,-132475,-179277,834846,737290,-28668
426203,-112828,-440482,946756,-72539,-172928,478183,233930,-454434,582059
-804441,199872,721925,-335959,-545774,-96883,505018,573002,-994319,-627088
571369,146971,-381532,720995,-374069,36346,-218218,-14595,-67260,-229685
484787,363551,419418,-345599,672766,-199794,-737706,651642,-768929,76735
954704,831372,-528609,-116675,502661,720351,305437,743404,-436108,-647621
-84627,-630857,-971653,-405887,859428,-322002,844662,-832235,-104411,975043
903230,473364,-785372,99034,-586485,-224115,359104,641922,327707,-306513
789263,-752799,589517,-79583,-869661,-996914,782208,-780151,-567755,-760915
-919455,928282,854957,-758953,-10450,331030,258340,245348,-280582,43702
-883169,-860049,485616,-28574,21000,-480275,428957,611343,496548,-607318
-809220,22478,566096,320584,974818,-523410,-492136,720172,-25357,-390253
599684,-131090,-645895,913666,-113180,754136,168355,74097,-893456,-497039
356818,558489,-866113,-661708,-642515,-848812,-828,-890359,749821,-59403
468049,-836054,270481,-168982,937181,-208004,-650910,55333,933278,346098
-591565,-685074,-938326,-152807,-525072,-214603,-869581,449227,438538,763804
859512,57451,794095,-258917,411813,-389092,113096,104574,52435,-44895
-637986,931176,-508125,4202,789010,-336947,-468344,-804172,-963847,-949022
270958,-133026,-767273,143508,862372,254112,853792,848484,709725,708213
210193,711881,312401,-808262,803100,991604,790961,915537,-58198,815755
95073,-764820,-332910,-893525,846595,718807,604437,-731906,246453,-767274
-238716,-668193,-94222,-630853,-877852,495725,529317,61694,72230,-658981
-669853,-579400,717831,158423,-624147,-307186,867099,727460,-999703,986781
-487383,633531,452795,-820619,-228811,-658111,707734,224624,614709,704263
-24292,-542194,183393,626758,555291,-976231,687084,230402,-92911,-648202
-256831,-926329,-675078,817248,809758,794689,-977086,-303803,432993,-598540
-581398,-695113,-215052,-489910,-978802,497920,51468,-291914,777613,628089
-591281,-210230,-604126,-138808,-307540,509584,-957799,24640,-616842,477562
-261867,459751,881225,54916,406792,102289,-663005,402417,752431,293904
563527,356097,-939450,841416,-538231,-721600,564050,861308,903099,-589045
-623881,-752763,-478917,-651437,-801824,-911137,442630,-11647,416796,620510
-831402,869045,-409045,-67915,132645,571726,120146,159470,-442381,-384134
213132,-788853,-127411,-550517,-46844,386838,362928,594367,-430760,885441
-907241,-22433,-342367,-726468,-45625,-158420,-961214,-605354,636228,-150130
107538,-482690,878976,68595,-717720,384019,238120,75992,935012,-649747
-639442,613998,-966944,-359960,232595,-73751,601182,-774887,-634342,358650
825496,-485310,713612,-174833,243963,-598347,728612,-266094,264434,-480637
379118,384162,669887,-924965,-939744,445219,-263643,969255,921174,384045
-243259,-465886,943407,990855,213839,-809582,627233,129419,-809011,78353
-873569,-344594,20555,-140137,-651563,1210,684973,962486,-944179,107411
-570616,-975395,81083,-376338,-510939,-315147,869927,-99432,328865,-818080
-91344,-263961,-811272,-461737,269400,-951536,-153289,-477078,-208022,188223
-515988,-113776,467357,-468004,-988893,-265825,869836,-275801,135799,-542065
562977,-25195,26836,176326,-84983,695770,535266,624057,-807068,196649
-691248,870466,51542,-193121,335722,88600,-230944,787685,-166154,740810
-14651,553773,-571972,-216490,-240497,299747,784872,442106,320013,192590
456180,-534075,918372,-444302,337461,-787238,-263935,603767,-51146,-270986
302082,-750605,866084,678754,256853,485603,-537535,-458444,-511076,151954
291619,-683338,798240,77824,-186289,-999462,318480,240013,-694030,589351
820823,472920,-735299,485967,-5547,-140775,32988,-950087,-437671,438527
546682,695813,-393423,-483600,-682924,713254,999345,967363,804819,-738397
-564453,116007,-836052,-737702,-666456,908731,414926,-858956,446194,974242
498328,-582846,149022,-431135,989398,539990,-344960,201536,-25438,-894298
692871,-110710,-867564,629437,564592,-154549,428300,-422624,-197851,362014
-708716,-690901,-62485,183224,-565170,287333,-268331,-458066,-474123,27087
972606,-265106,-756032,-51835,485716,-299754,-472459,656608,-757626,995923
325738,-91621,833422,497680,-732923,891420,867572,804962,778471,-890686
-897588,628557,109417,98485,-512356,-906130,999975,-746455,-430526,-525776
905248,-943169,-791124,-634844,-220939,178785,498426,-567624,-68794,204236
-798356,-380293,31257,-767755,338457,-808806,-779770,552159,635674,369229
106947,-72952,-899876,-743381,714880,-681639,-827795,-45275,-919699,-332556
336339,-724830,132918,266601,567629,-573586,-803725,-204853,-374231,-694476
