id,timestamp,journey_id,attribution_id,user_id,feature_id,variant_id
57276,2022-04-22T13:46:22,939ee950-c242-11ec-a014-0242ac110002,SM1 9QA,,fe232f5c-b10d-11ec-9c23-00155db0e9cc,control
57277,2022-04-22T16:34:26,095cba20-c25a-11ec-a014-0242ac110002,B16 9XL,,fe232f5c-b10d-11ec-9c23-00155db0e9cc,variant_a
57278,2022-04-22T16:34:26,095cba20-c25a-11ec-a014-0242ac110002,B16 9XL,,fe232f5c-b10d-11ec-9c23-00155db0e9cc,variant_a
57279,2022-04-23T09:12:25,685f255e-c2e5-11ec-b286-0242ac110003,SM1 2NK,,fe232f5c-b10d-11ec-9c23-00155db0e9cc,variant_a
57280,2022-04-23T09:12:25,685f255e-c2e5-11ec-b286-0242ac110003,SM1 2NK,,fe232f5c-b10d-11ec-9c23-00155db0e9cc,variant_a
57281,2022-04-23T09:16:14,f4c25818-c2e5-11ec-a014-0242ac110002,sm11aa,,fe232f5c-b10d-11ec-9c23-00155db0e9cc,control
57282,2022-04-23T09:16:14,f4c25818-c2e5-11ec-a014-0242ac110002,sm11aa,,fe232f5c-b10d-11ec-9c23-00155db0e9cc,control
57283,2022-04-23T09:44:21,eefad8f2-c2e9-11ec-bbad-0242ac110003,B16 6EN,,fe232f5c-b10d-11ec-9c23-00155db0e9cc,variant_a
57284,2022-04-23T09:44:21,eefad8f2-c2e9-11ec-bbad-0242ac110003,B16 6EN,,fe232f5c-b10d-11ec-9c23-00155db0e9cc,variant_a
57285,2022-04-23T09:44:25,eefad8f2-c2e9-11ec-bbad-0242ac110003,B16 6EN,,fe232f5c-b10d-11ec-9c23-00155db0e9cc,variant_a
57286,2022-04-25T08:40:52,635eeeb0-c473-11ec-bb4b-0242ac110002,B16 9XL,,fe232f5c-b10d-11ec-9c23-00155db0e9cc,variant_a
57287,2022-04-25T08:40:52,635eeeb0-c473-11ec-bb4b-0242ac110002,B16 9XL,,fe232f5c-b10d-11ec-9c23-00155db0e9cc,variant_a
57288,2022-04-25T08:42:13,938e5206-c473-11ec-8c4c-0242ac110002,B16 9XL,,fe232f5c-b10d-11ec-9c23-00155db0e9cc,variant_a
57289,2022-04-25T08:42:13,938e5206-c473-11ec-8c4c-0242ac110002,B16 9XL,,fe232f5c-b10d-11ec-9c23-00155db0e9cc,variant_a
57290,2022-04-25T08:49:44,9e42ee90-c474-11ec-b286-0242ac110003,b169xl,,fe232f5c-b10d-11ec-9c23-00155db0e9cc,variant_a
57291,2022-04-25T08:49:44,9e42ee90-c474-11ec-b286-0242ac110003,b169xl,,fe232f5c-b10d-11ec-9c23-00155db0e9cc,variant_a
57292,2022-04-25T08:51:21,9e42ee90-c474-11ec-b286-0242ac110003,b169xl,,fe232f5c-b10d-11ec-9c23-00155db0e9cc,variant_a
57293,2022-04-25T08:51:22,9e42ee90-c474-11ec-b286-0242ac110003,b169xl,,fe232f5c-b10d-11ec-9c23-00155db0e9cc,variant_a
57294,2022-04-25T08:51:47,9e42ee90-c474-11ec-b286-0242ac110003,b169xl,,fe232f5c-b10d-11ec-9c23-00155db0e9cc,variant_a
57295,2022-04-25T08:51:47,9e42ee90-c474-11ec-b286-0242ac110003,b169xl,,fe232f5c-b10d-11ec-9c23-00155db0e9cc,variant_a
57296,2022-04-25T08:51:49,9e42ee90-c474-11ec-b286-0242ac110003,b169xl,,fe232f5c-b10d-11ec-9c23-00155db0e9cc,variant_a
57297,2022-04-25T08:52:05,f4bf3b34-c474-11ec-bbad-0242ac110003,EH11 4FQ,,fe232f5c-b10d-11ec-9c23-00155db0e9cc,control
57298,2022-04-25T08:52:05,f4bf3b34-c474-11ec-bbad-0242ac110003,EH11 4FQ,,fe232f5c-b10d-11ec-9c23-00155db0e9cc,control
57299,2022-04-25T08:54:27,34aedb14-c475-11ec-8c4c-0242ac110002,b169xl,,fe232f5c-b10d-11ec-9c23-00155db0e9cc,variant_a
57300,2022-04-25T08:54:28,34aedb14-c475-11ec-8c4c-0242ac110002,b169xl,,fe232f5c-b10d-11ec-9c23-00155db0e9cc,variant_a
57301,2022-04-25T09:01:01,ccea9416-6d83-11ec-9211-0242ac110005,E16 2SY,,fe232f5c-b10d-11ec-9c23-00155db0e9cc,control
57302,2022-04-25T09:01:10,ccea9416-6d83-11ec-9211-0242ac110005,b169xl,,fe232f5c-b10d-11ec-9c23-00155db0e9cc,variant_a
57303,2022-04-25T09:01:23,ccea9416-6d83-11ec-9211-0242ac110005,b169xl,,fe232f5c-b10d-11ec-9c23-00155db0e9cc,variant_a
57304,2022-04-25T10:38:41,d7024884-c483-11ec-b1c8-0242ac11000c,HU8 8TJ,,fe232f5c-b10d-11ec-9c23-00155db0e9cc,variant_a
57305,2022-04-25T12:43:11,413aad48-c495-11ec-80af-0242ac110003,EH11 4FQ,,fe232f5c-b10d-11ec-9c23-00155db0e9cc,control
57306,2022-04-25T12:43:11,413aad48-c495-11ec-80af-0242ac110003,EH11 4FQ,,fe232f5c-b10d-11ec-9c23-00155db0e9cc,control
57307,2022-04-25T12:44:02,5b817c86-c495-11ec-bb4b-0242ac110002,b169xl,,fe232f5c-b10d-11ec-9c23-00155db0e9cc,variant_a
57308,2022-04-25T12:44:02,5b817c86-c495-11ec-bb4b-0242ac110002,b169xl,,fe232f5c-b10d-11ec-9c23-00155db0e9cc,variant_a
57309,2022-04-25T13:24:48,ccea9416-6d83-11ec-9211-0242ac110005,E16 2SY,,fe232f5c-b10d-11ec-9c23-00155db0e9cc,control
57310,2022-04-25T13:25:14,ccea9416-6d83-11ec-9211-0242ac110005,b169xl,,fe232f5c-b10d-11ec-9c23-00155db0e9cc,variant_a
57312,2022-04-25T13:28:51,ccea9416-6d83-11ec-9211-0242ac110005,b169xl,,fe232f5c-b10d-11ec-9c23-00155db0e9cc,variant_a
57313,2022-04-25T13:29:36,ccea9416-6d83-11ec-9211-0242ac110005,b169xl,,fe232f5c-b10d-11ec-9c23-00155db0e9cc,variant_a
57314,2022-04-25T15:27:45,3a95d33e-c4ac-11ec-a3f9-0242ac110002,b169xl,,fe232f5c-b10d-11ec-9c23-00155db0e9cc,variant_a
57315,2022-04-25T15:27:45,3a95d33e-c4ac-11ec-a3f9-0242ac110002,b169xl,,fe232f5c-b10d-11ec-9c23-00155db0e9cc,variant_a
57316,2022-04-25T15:35:14,4532e9ac-c4ad-11ec-af8d-0242ac110002,b169xl,,fe232f5c-b10d-11ec-9c23-00155db0e9cc,variant_a
57317,2022-04-25T15:35:14,4532e9ac-c4ad-11ec-af8d-0242ac110002,b169xl,,fe232f5c-b10d-11ec-9c23-00155db0e9cc,variant_a
57318,2022-04-25T15:39:30,4532e9ac-c4ad-11ec-af8d-0242ac110002,b169xl,,fe232f5c-b10d-11ec-9c23-00155db0e9cc,variant_a
57319,2022-04-25T15:39:30,4532e9ac-c4ad-11ec-af8d-0242ac110002,b169xl,,fe232f5c-b10d-11ec-9c23-00155db0e9cc,variant_a
57320,2022-04-25T15:41:08,4532e9ac-c4ad-11ec-af8d-0242ac110002,b169xl,,fe232f5c-b10d-11ec-9c23-00155db0e9cc,variant_a
57321,2022-04-25T15:41:08,4532e9ac-c4ad-11ec-af8d-0242ac110002,b169xl,,fe232f5c-b10d-11ec-9c23-00155db0e9cc,variant_a
57322,2022-04-25T15:47:36,4532e9ac-c4ad-11ec-af8d-0242ac110002,b169xl,,fe232f5c-b10d-11ec-9c23-00155db0e9cc,variant_a
57323,2022-04-25T15:47:36,4532e9ac-c4ad-11ec-af8d-0242ac110002,b169xl,,fe232f5c-b10d-11ec-9c23-00155db0e9cc,variant_a
57324,2022-04-25T15:49:51,4532e9ac-c4ad-11ec-af8d-0242ac110002,b169xl,,fe232f5c-b10d-11ec-9c23-00155db0e9cc,variant_a
57325,2022-04-25T15:49:51,4532e9ac-c4ad-11ec-af8d-0242ac110002,b169xl,,fe232f5c-b10d-11ec-9c23-00155db0e9cc,variant_a
57326,2022-04-25T15:51:23,4532e9ac-c4ad-11ec-af8d-0242ac110002,b169xl,,fe232f5c-b10d-11ec-9c23-00155db0e9cc,variant_a
57327,2022-04-25T15:51:23,4532e9ac-c4ad-11ec-af8d-0242ac110002,b169xl,,fe232f5c-b10d-11ec-9c23-00155db0e9cc,variant_a
57328,2022-04-25T17:30:48,6d173f08-c4bd-11ec-a4e6-0242ac110002,b169xl,,fe232f5c-b10d-11ec-9c23-00155db0e9cc,variant_a
57329,2022-04-25T17:30:48,6d173f08-c4bd-11ec-a4e6-0242ac110002,b169xl,,fe232f5c-b10d-11ec-9c23-00155db0e9cc,variant_a
57330,2022-04-25T17:36:29,382bbb60-c4be-11ec-a4e6-0242ac110002,b169xl,,fe232f5c-b10d-11ec-9c23-00155db0e9cc,variant_a
57331,2022-04-25T17:36:29,382bbb60-c4be-11ec-a4e6-0242ac110002,b169xl,,fe232f5c-b10d-11ec-9c23-00155db0e9cc,variant_a
57332,2022-04-25T18:00:11,83c83140-c4c1-11ec-a4e6-0242ac110002,b169xl,,fe232f5c-b10d-11ec-9c23-00155db0e9cc,variant_a
57333,2022-04-25T18:00:11,83c83140-c4c1-11ec-a4e6-0242ac110002,b169xl,,fe232f5c-b10d-11ec-9c23-00155db0e9cc,variant_a
57334,2022-04-26T09:13:59,c4b00dca-a53d-11ec-bfcf-0242ac110002,HP16 4FP,,fe232f5c-b10d-11ec-9c23-00155db0e9cc,variant_a
57335,2022-04-26T09:13:59,c4b00dca-a53d-11ec-bfcf-0242ac110002,HP16 4FP,,fe232f5c-b10d-11ec-9c23-00155db0e9cc,variant_a
57336,2022-04-26T09:15:27,620ef46e-c541-11ec-84ef-0242ac110002,sw12 8je,,fe232f5c-b10d-11ec-9c23-00155db0e9cc,control
57337,2022-04-26T09:15:27,620ef46e-c541-11ec-84ef-0242ac110002,sw12 8je,,fe232f5c-b10d-11ec-9c23-00155db0e9cc,control
57338,2022-04-26T09:18:48,d3d22af8-c541-11ec-ae81-0242ac110002,EH11 4FQ,,fe232f5c-b10d-11ec-9c23-00155db0e9cc,control
57339,2022-04-26T09:18:48,d3d22af8-c541-11ec-ae81-0242ac110002,EH11 4FQ,,fe232f5c-b10d-11ec-9c23-00155db0e9cc,control
57340,2022-04-26T09:18:54,d3d22af8-c541-11ec-ae81-0242ac110002,b169xl,,fe232f5c-b10d-11ec-9c23-00155db0e9cc,variant_a
57341,2022-04-26T09:18:54,d3d22af8-c541-11ec-ae81-0242ac110002,b169xl,,fe232f5c-b10d-11ec-9c23-00155db0e9cc,variant_a
57342,2022-04-26T09:19:19,eedef5f6-c541-11ec-a4e6-0242ac110002,b169xl,,fe232f5c-b10d-11ec-9c23-00155db0e9cc,variant_a
57343,2022-04-26T09:19:19,eedef5f6-c541-11ec-a4e6-0242ac110002,b169xl,,fe232f5c-b10d-11ec-9c23-00155db0e9cc,variant_a
57344,2022-04-26T09:20:49,c4b00dca-a53d-11ec-bfcf-0242ac110002,SW10 8GH,,fe232f5c-b10d-11ec-9c23-00155db0e9cc,variant_a
57345,2022-04-26T09:20:49,c4b00dca-a53d-11ec-bfcf-0242ac110002,SW10 8GH,,fe232f5c-b10d-11ec-9c23-00155db0e9cc,variant_a
57346,2022-04-26T09:21:59,4e428f26-c542-11ec-ae81-0242ac110002,SE21 6DF,,fe232f5c-b10d-11ec-9c23-00155db0e9cc,variant_a
57347,2022-04-26T09:21:59,4e428f26-c542-11ec-ae81-0242ac110002,SE21 6DF,,fe232f5c-b10d-11ec-9c23-00155db0e9cc,variant_a
57348,2022-04-26T09:55:08,ed435de0-c546-11ec-8e62-0242ac110002,b169xl,,fe232f5c-b10d-11ec-9c23-00155db0e9cc,variant_a
57349,2022-04-26T09:55:08,ed435de0-c546-11ec-8e62-0242ac110002,b169xl,,fe232f5c-b10d-11ec-9c23-00155db0e9cc,variant_a
57350,2022-04-26T10:08:24,c5ff8d74-c548-11ec-ae81-0242ac110002,HU3 0JC,,fe232f5c-b10d-11ec-9c23-00155db0e9cc,variant_a
57351,2022-04-26T10:08:24,c5ff8d74-c548-11ec-ae81-0242ac110002,HU3 0JC,,fe232f5c-b10d-11ec-9c23-00155db0e9cc,variant_a
57352,2022-04-26T10:09:07,e3baf5ba-c548-11ec-a4e6-0242ac110002,N3 0CO,,fe232f5c-b10d-11ec-9c23-00155db0e9cc,variant_a
57353,2022-04-26T10:09:07,e3baf5ba-c548-11ec-a4e6-0242ac110002,N3 0CO,,fe232f5c-b10d-11ec-9c23-00155db0e9cc,variant_a
57354,2022-04-26T10:09:44,f7314bee-c548-11ec-ae81-0242ac110002,BA7 7DX,,fe232f5c-b10d-11ec-9c23-00155db0e9cc,variant_a
57355,2022-04-26T10:09:44,f7314bee-c548-11ec-ae81-0242ac110002,BA7 7DX,,fe232f5c-b10d-11ec-9c23-00155db0e9cc,variant_a
57356,2022-04-26T10:10:56,25b9888c-c549-11ec-a4e6-0242ac110002,L6 5XB,,fe232f5c-b10d-11ec-9c23-00155db0e9cc,variant_a
57357,2022-04-26T10:10:56,25b9888c-c549-11ec-a4e6-0242ac110002,L6 5XB,,fe232f5c-b10d-11ec-9c23-00155db0e9cc,variant_a
57358,2022-04-26T10:12:45,65c60022-c549-11ec-b4d4-0242ac110002,PE11 8OM,,fe232f5c-b10d-11ec-9c23-00155db0e9cc,variant_a
57359,2022-04-26T10:12:45,65c60022-c549-11ec-b4d4-0242ac110002,PE11 8OM,,fe232f5c-b10d-11ec-9c23-00155db0e9cc,variant_a
57360,2022-04-26T10:13:19,7a9ad32e-c549-11ec-a02a-0242ac110002,KT11 8EN,,fe232f5c-b10d-11ec-9c23-00155db0e9cc,variant_a
57361,2022-04-26T10:13:20,7a9ad32e-c549-11ec-a02a-0242ac110002,KT11 8EN,,fe232f5c-b10d-11ec-9c23-00155db0e9cc,variant_a
57362,2022-04-26T10:13:49,8bdd6476-c549-11ec-8e62-0242ac110002,TN6 3RF,,fe232f5c-b10d-11ec-9c23-00155db0e9cc,variant_a
57363,2022-04-26T10:13:49,8bdd6476-c549-11ec-8e62-0242ac110002,TN6 3RF,,fe232f5c-b10d-11ec-9c23-00155db0e9cc,variant_a
57364,2022-04-26T10:50:32,7d94a708-c54e-11ec-a3e4-0242ac110003,CF3 3NN,,fe232f5c-b10d-11ec-9c23-00155db0e9cc,variant_a
57365,2022-04-26T10:51:11,7d94a708-c54e-11ec-a3e4-0242ac110003,CF3 3NN,,fe232f5c-b10d-11ec-9c23-00155db0e9cc,variant_a
57366,2022-04-26T10:51:29,7d94a708-c54e-11ec-a3e4-0242ac110003,CF3 3NN,,fe232f5c-b10d-11ec-9c23-00155db0e9cc,variant_a
57367,2022-04-26T10:59:46,7d94a708-c54e-11ec-a3e4-0242ac110003,CF3 3NN,,fe232f5c-b10d-11ec-9c23-00155db0e9cc,variant_a
57368,2022-04-26T11:00:38,7d94a708-c54e-11ec-a3e4-0242ac110003,CF3 3NN,,fe232f5c-b10d-11ec-9c23-00155db0e9cc,variant_a
57369,2022-04-26T11:07:43,fc04431c-c550-11ec-a3e4-0242ac110003,SE21 7AA,,fe232f5c-b10d-11ec-9c23-00155db0e9cc,variant_a
57370,2022-04-26T11:08:22,fc04431c-c550-11ec-a3e4-0242ac110003,SE21 7AA,,fe232f5c-b10d-11ec-9c23-00155db0e9cc,variant_a
57372,2022-04-26T11:09:26,fc04431c-c550-11ec-a3e4-0242ac110003,SE21 7AA,,fe232f5c-b10d-11ec-9c23-00155db0e9cc,variant_a
57373,2022-04-26T11:32:24,3b0f83c0-c554-11ec-bd3c-0242ac110003,SW10 0UN,,fe232f5c-b10d-11ec-9c23-00155db0e9cc,variant_a
57374,2022-04-26T11:33:03,3b0f83c0-c554-11ec-bd3c-0242ac110003,SW10 0UN,,fe232f5c-b10d-11ec-9c23-00155db0e9cc,variant_a
57376,2022-04-26T11:37:34,1edb47d8-c555-11ec-bd3c-0242ac110003,SA13 1TB,,fe232f5c-b10d-11ec-9c23-00155db0e9cc,control
57377,2022-04-26T12:19:21,b2591314-c54b-11ec-a3e4-0242ac110003,LS17 5BF,,fe232f5c-b10d-11ec-9c23-00155db0e9cc,variant_a
57378,2022-04-26T12:20:30,b2591314-c54b-11ec-a3e4-0242ac110003,LS17 5BF,,fe232f5c-b10d-11ec-9c23-00155db0e9cc,variant_a
57379,2022-04-26T12:20:36,b2591314-c54b-11ec-a3e4-0242ac110003,LS17 5BF,,fe232f5c-b10d-11ec-9c23-00155db0e9cc,variant_a
57380,2022-04-26T12:25:08,b2591314-c54b-11ec-a3e4-0242ac110003,LS17 5BF,,fe232f5c-b10d-11ec-9c23-00155db0e9cc,variant_a
57381,2022-04-26T12:46:40,b2591314-c54b-11ec-a3e4-0242ac110003,LS17 5BF,,fe232f5c-b10d-11ec-9c23-00155db0e9cc,variant_a
57382,2022-04-26T12:47:40,ccea9416-6d83-11ec-9211-0242ac110005,E16 2SY,,fe232f5c-b10d-11ec-9c23-00155db0e9cc,control
57383,2022-04-26T12:48:11,ccea9416-6d83-11ec-9211-0242ac110005,E16 2SY,,fe232f5c-b10d-11ec-9c23-00155db0e9cc,control
57384,2022-04-26T12:48:17,ccea9416-6d83-11ec-9211-0242ac110005,b169xl,,fe232f5c-b10d-11ec-9c23-00155db0e9cc,variant_a
57385,2022-04-26T12:48:22,ccea9416-6d83-11ec-9211-0242ac110005,b169xl,,fe232f5c-b10d-11ec-9c23-00155db0e9cc,variant_a
57386,2022-04-26T12:48:42,ccea9416-6d83-11ec-9211-0242ac110005,b169xl,,fe232f5c-b10d-11ec-9c23-00155db0e9cc,variant_a
57387,2022-04-26T12:48:56,ccea9416-6d83-11ec-9211-0242ac110005,b169xl,,fe232f5c-b10d-11ec-9c23-00155db0e9cc,variant_a
57388,2022-04-26T12:49:03,ccea9416-6d83-11ec-9211-0242ac110005,b169xl,,fe232f5c-b10d-11ec-9c23-00155db0e9cc,variant_a
57389,2022-04-26T12:52:47,ccea9416-6d83-11ec-9211-0242ac110005,b169xl,,fe232f5c-b10d-11ec-9c23-00155db0e9cc,variant_a
57390,2022-04-26T13:14:24,a7164bcc-c562-11ec-ab2c-0242ac110002,GU1 4BJ,,fe232f5c-b10d-11ec-9c23-00155db0e9cc,control
57391,2022-04-26T13:14:53,d2ac9066-c562-11ec-bd3c-0242ac110003,GU1 4BJ,,fe232f5c-b10d-11ec-9c23-00155db0e9cc,control
57392,2022-04-26T13:17:45,35b35fb4-c563-11ec-ab2c-0242ac110002,N1 2UB,,fe232f5c-b10d-11ec-9c23-00155db0e9cc,variant_a
57393,2022-04-26T13:18:05,35b35fb4-c563-11ec-ab2c-0242ac110002,N1 2UB,,fe232f5c-b10d-11ec-9c23-00155db0e9cc,variant_a
57394,2022-04-26T13:24:10,24200076-c564-11ec-8921-0242ac110002,N3 0CO,,fe232f5c-b10d-11ec-9c23-00155db0e9cc,variant_a
57395,2022-04-26T13:24:59,24200076-c564-11ec-8921-0242ac110002,N3 0CO,,fe232f5c-b10d-11ec-9c23-00155db0e9cc,variant_a
57396,2022-04-26T13:29:24,beb37cda-c564-11ec-a3e4-0242ac110003,L6 5XB,,fe232f5c-b10d-11ec-9c23-00155db0e9cc,variant_a
57397,2022-04-26T13:30:09,beb37cda-c564-11ec-a3e4-0242ac110003,L6 5XB,,fe232f5c-b10d-11ec-9c23-00155db0e9cc,variant_a
57398,2022-04-26T13:30:27,beb37cda-c564-11ec-a3e4-0242ac110003,L6 5XB,,fe232f5c-b10d-11ec-9c23-00155db0e9cc,variant_a
57399,2022-04-26T13:30:52,beb37cda-c564-11ec-a3e4-0242ac110003,L6 5XB,,fe232f5c-b10d-11ec-9c23-00155db0e9cc,variant_a
57400,2022-04-26T13:37:06,ed447a1c-c565-11ec-8e62-0242ac110002,SE21 7AA,,fe232f5c-b10d-11ec-9c23-00155db0e9cc,variant_a
57401,2022-04-26T13:37:06,ed447a1c-c565-11ec-8e62-0242ac110002,SE21 7AA,,fe232f5c-b10d-11ec-9c23-00155db0e9cc,variant_a
57402,2022-04-26T13:38:32,1a3c47ac-c566-11ec-ab2c-0242ac110002,AB1 0II,,fe232f5c-b10d-11ec-9c23-00155db0e9cc,variant_a
57403,2022-04-26T13:39:04,1a3c47ac-c566-11ec-ab2c-0242ac110002,AB1 0II,,fe232f5c-b10d-11ec-9c23-00155db0e9cc,variant_a
57404,2022-04-26T13:49:28,8ec3fde4-c567-11ec-ab2c-0242ac110002,B16 4QC,,fe232f5c-b10d-11ec-9c23-00155db0e9cc,variant_a
57405,2022-04-26T13:49:33,8ec3fde4-c567-11ec-ab2c-0242ac110002,B16 4QC,,fe232f5c-b10d-11ec-9c23-00155db0e9cc,variant_a
57406,2022-04-26T13:50:10,8ec3fde4-c567-11ec-ab2c-0242ac110002,B16 4QC,,fe232f5c-b10d-11ec-9c23-00155db0e9cc,variant_a
57407,2022-04-26T13:51:00,8ec3fde4-c567-11ec-ab2c-0242ac110002,B16 4QC,,fe232f5c-b10d-11ec-9c23-00155db0e9cc,variant_a
57408,2022-04-26T14:02:38,592a1bee-c569-11ec-bd3c-0242ac110003,BA7 7DX,,fe232f5c-b10d-11ec-9c23-00155db0e9cc,variant_a
57409,2022-04-26T14:02:57,8fc5623a-c569-11ec-bd3c-0242ac110003,BA7 7DX,,fe232f5c-b10d-11ec-9c23-00155db0e9cc,variant_a
57410,2022-04-26T14:07:29,27bbf6ee-c56a-11ec-a3e4-0242ac110003,E16 2SY,,fe232f5c-b10d-11ec-9c23-00155db0e9cc,control
57411,2022-04-26T14:20:10,ccea9416-6d83-11ec-9211-0242ac110005,E16 2SY,,fe232f5c-b10d-11ec-9c23-00155db0e9cc,control
57412,2022-04-26T14:25:52,ccea9416-6d83-11ec-9211-0242ac110005,E16 2SY,,fe232f5c-b10d-11ec-9c23-00155db0e9cc,control
57413,2022-04-26T15:12:40,ccea9416-6d83-11ec-9211-0242ac110005,E16 2SY,,fe232f5c-b10d-11ec-9c23-00155db0e9cc,control
57414,2022-04-26T15:12:49,ccea9416-6d83-11ec-9211-0242ac110005,E16 2SY,,fe232f5c-b10d-11ec-9c23-00155db0e9cc,control
57415,2022-04-26T15:12:57,ccea9416-6d83-11ec-9211-0242ac110005,b169xl,,fe232f5c-b10d-11ec-9c23-00155db0e9cc,variant_a
57416,2022-04-26T15:13:05,ccea9416-6d83-11ec-9211-0242ac110005,b169xl,,fe232f5c-b10d-11ec-9c23-00155db0e9cc,variant_a
57417,2022-04-26T15:13:10,ccea9416-6d83-11ec-9211-0242ac110005,b169xl,,fe232f5c-b10d-11ec-9c23-00155db0e9cc,variant_a
57418,2022-04-26T15:39:29,0a53da1a-c577-11ec-a3e4-0242ac110003,E16 2SY,,fe232f5c-b10d-11ec-9c23-00155db0e9cc,control
57419,2022-04-26T15:39:38,0a53da1a-c577-11ec-a3e4-0242ac110003,B16 9XL,,fe232f5c-b10d-11ec-9c23-00155db0e9cc,variant_a
57420,2022-04-26T15:39:57,0a53da1a-c577-11ec-a3e4-0242ac110003,B16 9XL,,fe232f5c-b10d-11ec-9c23-00155db0e9cc,variant_a
57421,2022-04-26T15:40:07,0a53da1a-c577-11ec-a3e4-0242ac110003,B16 9XL,,fe232f5c-b10d-11ec-9c23-00155db0e9cc,variant_a
57422,2022-04-26T15:41:05,0a53da1a-c577-11ec-a3e4-0242ac110003,B16 9XL,,fe232f5c-b10d-11ec-9c23-00155db0e9cc,variant_a
57423,2022-04-26T15:57:05,ccea9416-6d83-11ec-9211-0242ac110005,b169xl,,fe232f5c-b10d-11ec-9c23-00155db0e9cc,variant_a
57424,2022-04-26T15:57:06,ccea9416-6d83-11ec-9211-0242ac110005,b169xl,,fe232f5c-b10d-11ec-9c23-00155db0e9cc,variant_a
57425,2022-04-26T15:57:07,ccea9416-6d83-11ec-9211-0242ac110005,b169xl,,fe232f5c-b10d-11ec-9c23-00155db0e9cc,variant_a
57426,2022-04-26T15:57:07,ccea9416-6d83-11ec-9211-0242ac110005,b169xl,,fe232f5c-b10d-11ec-9c23-00155db0e9cc,variant_a
57427,2022-04-26T15:57:10,ccea9416-6d83-11ec-9211-0242ac110005,E16 2SY,,fe232f5c-b10d-11ec-9c23-00155db0e9cc,control
57428,2022-04-26T15:57:16,ccea9416-6d83-11ec-9211-0242ac110005,E16 2SY,,fe232f5c-b10d-11ec-9c23-00155db0e9cc,control
57429,2022-04-26T15:57:21,ccea9416-6d83-11ec-9211-0242ac110005,b169xl,,fe232f5c-b10d-11ec-9c23-00155db0e9cc,variant_a
57430,2022-04-26T15:57:35,ccea9416-6d83-11ec-9211-0242ac110005,b169xl,,fe232f5c-b10d-11ec-9c23-00155db0e9cc,variant_a
57431,2022-04-26T15:57:40,ccea9416-6d83-11ec-9211-0242ac110005,b169xl,,fe232f5c-b10d-11ec-9c23-00155db0e9cc,variant_a
57432,2022-04-26T16:04:29,ccea9416-6d83-11ec-9211-0242ac110005,E16 2SY,,fe232f5c-b10d-11ec-9c23-00155db0e9cc,control
57433,2022-04-26T16:04:34,ccea9416-6d83-11ec-9211-0242ac110005,E16 2SY,,fe232f5c-b10d-11ec-9c23-00155db0e9cc,control
57434,2022-04-26T16:04:41,ccea9416-6d83-11ec-9211-0242ac110005,b169xl,,fe232f5c-b10d-11ec-9c23-00155db0e9cc,variant_a
57435,2022-04-26T16:04:48,ccea9416-6d83-11ec-9211-0242ac110005,b169xl,,fe232f5c-b10d-11ec-9c23-00155db0e9cc,variant_a
57436,2022-04-26T16:04:52,ccea9416-6d83-11ec-9211-0242ac110005,b169xl,,fe232f5c-b10d-11ec-9c23-00155db0e9cc,variant_a
57437,2022-04-26T16:05:28,ccea9416-6d83-11ec-9211-0242ac110005,E16 2SY,,fe232f5c-b10d-11ec-9c23-00155db0e9cc,control
57438,2022-04-26T16:05:33,ccea9416-6d83-11ec-9211-0242ac110005,b169xl,,fe232f5c-b10d-11ec-9c23-00155db0e9cc,variant_a
57439,2022-04-26T16:05:40,ccea9416-6d83-11ec-9211-0242ac110005,b169xl,,fe232f5c-b10d-11ec-9c23-00155db0e9cc,variant_a
57440,2022-04-26T16:05:47,ccea9416-6d83-11ec-9211-0242ac110005,b169xl,,fe232f5c-b10d-11ec-9c23-00155db0e9cc,variant_a
57441,2022-04-26T16:09:33,3d736182-c57b-11ec-8e62-0242ac110002,b169xl,,fe232f5c-b10d-11ec-9c23-00155db0e9cc,variant_a
57442,2022-04-26T16:09:33,3d736182-c57b-11ec-8e62-0242ac110002,b169xl,,fe232f5c-b10d-11ec-9c23-00155db0e9cc,variant_a
57443,2022-04-26T16:38:59,ae16d314-a13c-11ec-a98c-0242ac110008,RG1 2PN,,fe232f5c-b10d-11ec-9c23-00155db0e9cc,variant_a
57444,2022-04-26T16:39:20,ae16d314-a13c-11ec-a98c-0242ac110008,RG1 2PN,,fe232f5c-b10d-11ec-9c23-00155db0e9cc,variant_a
57445,2022-04-26T16:42:08,ae16d314-a13c-11ec-a98c-0242ac110008,RG1 2PN,,fe232f5c-b10d-11ec-9c23-00155db0e9cc,variant_a
57446,2022-04-26T16:42:10,ae16d314-a13c-11ec-a98c-0242ac110008,RG1 2PN,,fe232f5c-b10d-11ec-9c23-00155db0e9cc,variant_a
57447,2022-04-26T16:42:15,ae16d314-a13c-11ec-a98c-0242ac110008,RG1 2PN,,fe232f5c-b10d-11ec-9c23-00155db0e9cc,variant_a
57449,2022-04-26T16:45:07,ccea9416-6d83-11ec-9211-0242ac110005,E16 2SY,,fe232f5c-b10d-11ec-9c23-00155db0e9cc,control
57450,2022-04-26T16:45:11,ccea9416-6d83-11ec-9211-0242ac110005,b169xl,,fe232f5c-b10d-11ec-9c23-00155db0e9cc,variant_a
57451,2022-04-26T16:45:16,ccea9416-6d83-11ec-9211-0242ac110005,b169xl,,fe232f5c-b10d-11ec-9c23-00155db0e9cc,variant_a
57452,2022-04-26T16:45:20,ccea9416-6d83-11ec-9211-0242ac110005,b169xl,,fe232f5c-b10d-11ec-9c23-00155db0e9cc,variant_a
57453,2022-04-26T16:45:53,ccea9416-6d83-11ec-9211-0242ac110005,b169xl,,fe232f5c-b10d-11ec-9c23-00155db0e9cc,variant_a
57454,2022-04-26T16:45:54,ccea9416-6d83-11ec-9211-0242ac110005,b169xl,,fe232f5c-b10d-11ec-9c23-00155db0e9cc,variant_a
57455,2022-04-26T16:45:55,ccea9416-6d83-11ec-9211-0242ac110005,b169xl,,fe232f5c-b10d-11ec-9c23-00155db0e9cc,variant_a
57456,2022-04-26T16:45:55,ccea9416-6d83-11ec-9211-0242ac110005,b169xl,,fe232f5c-b10d-11ec-9c23-00155db0e9cc,variant_a
57457,2022-04-26T16:46:03,ccea9416-6d83-11ec-9211-0242ac110005,E16 2SY,,fe232f5c-b10d-11ec-9c23-00155db0e9cc,control
57458,2022-04-26T16:46:10,ccea9416-6d83-11ec-9211-0242ac110005,b169xl,,fe232f5c-b10d-11ec-9c23-00155db0e9cc,variant_a
57459,2022-04-26T16:46:14,ccea9416-6d83-11ec-9211-0242ac110005,b169xl,,fe232f5c-b10d-11ec-9c23-00155db0e9cc,variant_a
57460,2022-04-26T16:46:18,ccea9416-6d83-11ec-9211-0242ac110005,b169xl,,fe232f5c-b10d-11ec-9c23-00155db0e9cc,variant_a
57461,2022-04-26T16:47:02,ccea9416-6d83-11ec-9211-0242ac110005,E16 2SY,,fe232f5c-b10d-11ec-9c23-00155db0e9cc,control
57462,2022-04-26T16:47:03,ccea9416-6d83-11ec-9211-0242ac110005,E16 2SY,,fe232f5c-b10d-11ec-9c23-00155db0e9cc,control
57463,2022-04-26T16:47:08,ccea9416-6d83-11ec-9211-0242ac110005,b169xl,,fe232f5c-b10d-11ec-9c23-00155db0e9cc,variant_a
57464,2022-04-26T16:47:14,ccea9416-6d83-11ec-9211-0242ac110005,b169xl,,fe232f5c-b10d-11ec-9c23-00155db0e9cc,variant_a
57465,2022-04-26T16:47:17,ccea9416-6d83-11ec-9211-0242ac110005,b169xl,,fe232f5c-b10d-11ec-9c23-00155db0e9cc,variant_a
57466,2022-04-26T16:48:50,b14eb958-c580-11ec-84ef-0242ac110002,SW10 0UN,,fe232f5c-b10d-11ec-9c23-00155db0e9cc,variant_a
57467,2022-04-26T16:48:50,b14eb958-c580-11ec-84ef-0242ac110002,SW10 0UN,,fe232f5c-b10d-11ec-9c23-00155db0e9cc,variant_a
57468,2022-04-26T16:55:44,b14eb958-c580-11ec-84ef-0242ac110002,SW10 0UN,,fe232f5c-b10d-11ec-9c23-00155db0e9cc,variant_a
57469,2022-04-26T16:55:44,b14eb958-c580-11ec-84ef-0242ac110002,SW10 0UN,,fe232f5c-b10d-11ec-9c23-00155db0e9cc,variant_a
57470,2022-04-26T17:05:04,ccea9416-6d83-11ec-9211-0242ac110005,E16 2SY,,fe232f5c-b10d-11ec-9c23-00155db0e9cc,control
57471,2022-04-26T17:05:06,ccea9416-6d83-11ec-9211-0242ac110005,E16 2SY,,fe232f5c-b10d-11ec-9c23-00155db0e9cc,control
57472,2022-04-26T17:08:42,ccea9416-6d83-11ec-9211-0242ac110005,E16 2SY,,fe232f5c-b10d-11ec-9c23-00155db0e9cc,control
57473,2022-04-26T17:09:41,ccea9416-6d83-11ec-9211-0242ac110005,E16 2SY,,fe232f5c-b10d-11ec-9c23-00155db0e9cc,control
57474,2022-04-26T17:09:47,ccea9416-6d83-11ec-9211-0242ac110005,b16 9xl,,fe232f5c-b10d-11ec-9c23-00155db0e9cc,variant_a
57475,2022-04-26T17:10:07,ccea9416-6d83-11ec-9211-0242ac110005,b16 9xl,,fe232f5c-b10d-11ec-9c23-00155db0e9cc,variant_a
57476,2022-04-26T17:10:54,ccea9416-6d83-11ec-9211-0242ac110005,E16 2SY,,fe232f5c-b10d-11ec-9c23-00155db0e9cc,control
57477,2022-04-26T17:12:28,ccea9416-6d83-11ec-9211-0242ac110005,E16 2SY,,fe232f5c-b10d-11ec-9c23-00155db0e9cc,control
57478,2022-04-26T17:12:40,ccea9416-6d83-11ec-9211-0242ac110005,E16 2SY,,fe232f5c-b10d-11ec-9c23-00155db0e9cc,control
57479,2022-04-26T17:12:47,ccea9416-6d83-11ec-9211-0242ac110005,b169xl,,fe232f5c-b10d-11ec-9c23-00155db0e9cc,variant_a
57480,2022-04-26T17:12:52,ccea9416-6d83-11ec-9211-0242ac110005,b169xl,,fe232f5c-b10d-11ec-9c23-00155db0e9cc,variant_a
57481,2022-04-26T17:12:55,ccea9416-6d83-11ec-9211-0242ac110005,b169xl,,fe232f5c-b10d-11ec-9c23-00155db0e9cc,variant_a
57482,2022-04-26T17:13:05,ccea9416-6d83-11ec-9211-0242ac110005,b169xl,,fe232f5c-b10d-11ec-9c23-00155db0e9cc,variant_a
57483,2022-04-26T17:13:05,ccea9416-6d83-11ec-9211-0242ac110005,b169xl,,fe232f5c-b10d-11ec-9c23-00155db0e9cc,variant_a
57484,2022-04-26T17:13:06,ccea9416-6d83-11ec-9211-0242ac110005,b169xl,,fe232f5c-b10d-11ec-9c23-00155db0e9cc,variant_a
57485,2022-04-26T17:13:07,ccea9416-6d83-11ec-9211-0242ac110005,b169xl,,fe232f5c-b10d-11ec-9c23-00155db0e9cc,variant_a
57486,2022-04-26T17:13:12,ccea9416-6d83-11ec-9211-0242ac110005,E16 2SY,,fe232f5c-b10d-11ec-9c23-00155db0e9cc,control
57487,2022-04-26T17:13:19,ccea9416-6d83-11ec-9211-0242ac110005,b169xl,,fe232f5c-b10d-11ec-9c23-00155db0e9cc,variant_a
57488,2022-04-26T17:13:24,ccea9416-6d83-11ec-9211-0242ac110005,b169xl,,fe232f5c-b10d-11ec-9c23-00155db0e9cc,variant_a
57489,2022-04-26T17:13:27,ccea9416-6d83-11ec-9211-0242ac110005,b169xl,,fe232f5c-b10d-11ec-9c23-00155db0e9cc,variant_a
57490,2022-04-26T17:13:47,ccea9416-6d83-11ec-9211-0242ac110005,b169xl,,fe232f5c-b10d-11ec-9c23-00155db0e9cc,variant_a
57491,2022-04-26T17:17:12,ccea9416-6d83-11ec-9211-0242ac110005,b169xl,,fe232f5c-b10d-11ec-9c23-00155db0e9cc,variant_a
57492,2022-04-26T17:18:06,ccea9416-6d83-11ec-9211-0242ac110005,b169xl,,fe232f5c-b10d-11ec-9c23-00155db0e9cc,variant_a
57493,2022-04-26T17:24:26,ccea9416-6d83-11ec-9211-0242ac110005,E16 2SY,,fe232f5c-b10d-11ec-9c23-00155db0e9cc,control
57494,2022-04-26T17:24:49,ccea9416-6d83-11ec-9211-0242ac110005,E16 2SY,,fe232f5c-b10d-11ec-9c23-00155db0e9cc,control
57495,2022-04-26T17:25:10,ccea9416-6d83-11ec-9211-0242ac110005,E16 2SY,,fe232f5c-b10d-11ec-9c23-00155db0e9cc,control
57496,2022-04-26T17:25:19,ccea9416-6d83-11ec-9211-0242ac110005,E16 2SY,,fe232f5c-b10d-11ec-9c23-00155db0e9cc,control
57497,2022-04-26T17:25:39,ccea9416-6d83-11ec-9211-0242ac110005,E16 2SY,,fe232f5c-b10d-11ec-9c23-00155db0e9cc,control
57498,2022-04-26T17:26:57,ccea9416-6d83-11ec-9211-0242ac110005,E16 2SY,,fe232f5c-b10d-11ec-9c23-00155db0e9cc,control
57499,2022-04-26T17:28:21,ccea9416-6d83-11ec-9211-0242ac110005,E16 2SY,,fe232f5c-b10d-11ec-9c23-00155db0e9cc,control
57500,2022-04-26T17:28:46,ccea9416-6d83-11ec-9211-0242ac110005,E16 2SY,,fe232f5c-b10d-11ec-9c23-00155db0e9cc,control
57501,2022-04-26T17:29:33,ccea9416-6d83-11ec-9211-0242ac110005,E16 2SY,,fe232f5c-b10d-11ec-9c23-00155db0e9cc,control
57502,2022-04-26T17:32:17,ccea9416-6d83-11ec-9211-0242ac110005,E16 2SY,,fe232f5c-b10d-11ec-9c23-00155db0e9cc,control
57503,2022-04-26T17:32:30,ccea9416-6d83-11ec-9211-0242ac110005,b169xl,,fe232f5c-b10d-11ec-9c23-00155db0e9cc,variant_a
57504,2022-04-26T17:32:35,ccea9416-6d83-11ec-9211-0242ac110005,b169xl,,fe232f5c-b10d-11ec-9c23-00155db0e9cc,variant_a
57505,2022-04-26T17:32:39,ccea9416-6d83-11ec-9211-0242ac110005,b169xl,,fe232f5c-b10d-11ec-9c23-00155db0e9cc,variant_a
57506,2022-04-26T17:32:45,ccea9416-6d83-11ec-9211-0242ac110005,b169xl,,fe232f5c-b10d-11ec-9c23-00155db0e9cc,variant_a
57508,2022-04-26T17:37:22,ebc8568a-7ad9-11ec-a0b6-0242ac110007,E17 2SY,,fe232f5c-b10d-11ec-9c23-00155db0e9cc,control
57509,2022-04-26T17:37:30,ebc8568a-7ad9-11ec-a0b6-0242ac110007,E17 2SY,,fe232f5c-b10d-11ec-9c23-00155db0e9cc,control
57510,2022-04-26T17:37:35,ebc8568a-7ad9-11ec-a0b6-0242ac110007,b169xl,,fe232f5c-b10d-11ec-9c23-00155db0e9cc,variant_a
57511,2022-04-26T17:37:47,ebc8568a-7ad9-11ec-a0b6-0242ac110007,b169xl,,fe232f5c-b10d-11ec-9c23-00155db0e9cc,variant_a
57512,2022-04-26T17:37:51,ebc8568a-7ad9-11ec-a0b6-0242ac110007,b169xl,,fe232f5c-b10d-11ec-9c23-00155db0e9cc,variant_a
57513,2022-04-26T17:37:56,ebc8568a-7ad9-11ec-a0b6-0242ac110007,b169xl,,fe232f5c-b10d-11ec-9c23-00155db0e9cc,variant_a
57515,2022-04-26T17:48:08,01838608-c589-11ec-a4e6-0242ac110002,b169xl,,fe232f5c-b10d-11ec-9c23-00155db0e9cc,variant_a
57516,2022-04-26T17:48:08,01838608-c589-11ec-a4e6-0242ac110002,b169xl,,fe232f5c-b10d-11ec-9c23-00155db0e9cc,variant_a
57517,2022-04-26T17:57:01,3355d0b8-c58a-11ec-a3e4-0242ac110003,DH1 4AY,,fe232f5c-b10d-11ec-9c23-00155db0e9cc,variant_a
57518,2022-04-26T17:57:58,3355d0b8-c58a-11ec-a3e4-0242ac110003,DH1 4AY,,fe232f5c-b10d-11ec-9c23-00155db0e9cc,variant_a
57519,2022-04-26T17:59:05,3355d0b8-c58a-11ec-a3e4-0242ac110003,DH1 4AY,,fe232f5c-b10d-11ec-9c23-00155db0e9cc,variant_a
57520,2022-04-26T18:02:57,df487b6e-c58a-11ec-8921-0242ac110002,RG1 2PN,,fe232f5c-b10d-11ec-9c23-00155db0e9cc,variant_a
57521,2022-04-26T18:03:14,df487b6e-c58a-11ec-8921-0242ac110002,b16 9xl,,fe232f5c-b10d-11ec-9c23-00155db0e9cc,variant_a
57522,2022-04-26T18:07:21,df487b6e-c58a-11ec-8921-0242ac110002,b16 9xl,,fe232f5c-b10d-11ec-9c23-00155db0e9cc,variant_a
57523,2022-04-26T18:07:40,b43e53b6-c58b-11ec-a3e4-0242ac110003,B16 0AE,,fe232f5c-b10d-11ec-9c23-00155db0e9cc,variant_a
57524,2022-04-26T18:09:13,ebdc1ea2-c58b-11ec-a3e4-0242ac110003,B16 0AE,,fe232f5c-b10d-11ec-9c23-00155db0e9cc,variant_a
57525,2022-04-26T18:09:30,ebdc1ea2-c58b-11ec-a3e4-0242ac110003,B16 0AE,,fe232f5c-b10d-11ec-9c23-00155db0e9cc,variant_a
57526,2022-04-26T18:10:04,ebdc1ea2-c58b-11ec-a3e4-0242ac110003,B16 0AE,,fe232f5c-b10d-11ec-9c23-00155db0e9cc,variant_a
57527,2022-04-26T18:10:35,ebdc1ea2-c58b-11ec-a3e4-0242ac110003,B16 0AE,,fe232f5c-b10d-11ec-9c23-00155db0e9cc,variant_a
57528,2022-04-26T18:10:47,ebdc1ea2-c58b-11ec-a3e4-0242ac110003,B16 0AE,,fe232f5c-b10d-11ec-9c23-00155db0e9cc,variant_a
57529,2022-04-26T18:10:50,ebdc1ea2-c58b-11ec-a3e4-0242ac110003,B16 0AE,,fe232f5c-b10d-11ec-9c23-00155db0e9cc,variant_a
57530,2022-04-26T18:10:57,ebdc1ea2-c58b-11ec-a3e4-0242ac110003,B16 0AE,,fe232f5c-b10d-11ec-9c23-00155db0e9cc,variant_a
57531,2022-04-26T18:11:20,ebdc1ea2-c58b-11ec-a3e4-0242ac110003,B16 0AE,,fe232f5c-b10d-11ec-9c23-00155db0e9cc,variant_a
57532,2022-04-26T18:11:34,ebdc1ea2-c58b-11ec-a3e4-0242ac110003,B16 0AE,,fe232f5c-b10d-11ec-9c23-00155db0e9cc,variant_a
57533,2022-04-26T18:12:09,ebdc1ea2-c58b-11ec-a3e4-0242ac110003,B16 0AE,,fe232f5c-b10d-11ec-9c23-00155db0e9cc,variant_a
57534,2022-04-26T18:12:13,ebdc1ea2-c58b-11ec-a3e4-0242ac110003,B16 0AE,,fe232f5c-b10d-11ec-9c23-00155db0e9cc,variant_a
57535,2022-04-26T18:23:49,ebdc1ea2-c58b-11ec-a3e4-0242ac110003,B16 0AE,,fe232f5c-b10d-11ec-9c23-00155db0e9cc,variant_a
57536,2022-04-26T18:23:54,ebdc1ea2-c58b-11ec-a3e4-0242ac110003,B16 0AE,,fe232f5c-b10d-11ec-9c23-00155db0e9cc,variant_a
57537,2022-04-27T08:41:22,bfb7bb68-c605-11ec-8921-0242ac110002,E16 2SY,,fe232f5c-b10d-11ec-9c23-00155db0e9cc,control
57538,2022-04-27T08:41:49,bfb7bb68-c605-11ec-8921-0242ac110002,B16 9XL,,fe232f5c-b10d-11ec-9c23-00155db0e9cc,variant_a
57539,2022-04-27T08:42:28,bfb7bb68-c605-11ec-8921-0242ac110002,B16 9XL,,fe232f5c-b10d-11ec-9c23-00155db0e9cc,variant_a
57540,2022-04-27T08:42:34,bfb7bb68-c605-11ec-8921-0242ac110002,B16 9XL,,fe232f5c-b10d-11ec-9c23-00155db0e9cc,variant_a
57541,2022-04-27T09:47:51,10a56e54-c60f-11ec-a3f9-0242ac110002,b169xl,,fe232f5c-b10d-11ec-9c23-00155db0e9cc,variant_a
57542,2022-04-27T09:47:51,10a56e54-c60f-11ec-a3f9-0242ac110002,b169xl,,fe232f5c-b10d-11ec-9c23-00155db0e9cc,variant_a
57543,2022-04-27T09:51:55,a41a551e-c60f-11ec-b4d4-0242ac110002,b169xl,,fe232f5c-b10d-11ec-9c23-00155db0e9cc,variant_a
57544,2022-04-27T09:51:55,a41a551e-c60f-11ec-b4d4-0242ac110002,b169xl,,fe232f5c-b10d-11ec-9c23-00155db0e9cc,variant_a
57545,2022-04-27T09:52:40,a41a551e-c60f-11ec-b4d4-0242ac110002,b169xl,,fe232f5c-b10d-11ec-9c23-00155db0e9cc,variant_a
57546,2022-04-27T09:52:40,a41a551e-c60f-11ec-b4d4-0242ac110002,b169xl,,fe232f5c-b10d-11ec-9c23-00155db0e9cc,variant_a
57547,2022-04-27T10:32:07,27bbf6ee-c56a-11ec-a3e4-0242ac110003,E16 2SY,,fe232f5c-b10d-11ec-9c23-00155db0e9cc,control
57548,2022-04-27T10:37:16,ed8138e8-c615-11ec-a3e4-0242ac110003,BT8 5LU,,fe232f5c-b10d-11ec-9c23-00155db0e9cc,control
57549,2022-04-27T10:37:41,ed8138e8-c615-11ec-a3e4-0242ac110003,BT8 5LU,,fe232f5c-b10d-11ec-9c23-00155db0e9cc,control
57550,2022-04-27T10:38:23,ed8138e8-c615-11ec-a3e4-0242ac110003,BT8 5LU,,fe232f5c-b10d-11ec-9c23-00155db0e9cc,control
57551,2022-04-27T10:42:32,a66241ea-c616-11ec-a3e4-0242ac110003,HU8 9TJ,,fe232f5c-b10d-11ec-9c23-00155db0e9cc,control
57552,2022-04-27T10:43:38,a66241ea-c616-11ec-a3e4-0242ac110003,HU8 9TJ,,fe232f5c-b10d-11ec-9c23-00155db0e9cc,control
57553,2022-04-27T12:15:18,aa139822-c623-11ec-a3f9-0242ac110002,b169xl,,fe232f5c-b10d-11ec-9c23-00155db0e9cc,variant_a
57554,2022-04-27T12:15:18,aa139822-c623-11ec-a3f9-0242ac110002,b169xl,,fe232f5c-b10d-11ec-9c23-00155db0e9cc,variant_a
57555,2022-04-27T12:41:17,ebdc1ea2-c58b-11ec-a3e4-0242ac110003,B16 0AE,,fe232f5c-b10d-11ec-9c23-00155db0e9cc,variant_a
57556,2022-04-27T12:41:22,ebdc1ea2-c58b-11ec-a3e4-0242ac110003,B16 0AE,,fe232f5c-b10d-11ec-9c23-00155db0e9cc,variant_a
57557,2022-04-27T12:41:33,ebdc1ea2-c58b-11ec-a3e4-0242ac110003,B16 0AE,,fe232f5c-b10d-11ec-9c23-00155db0e9cc,variant_a
57558,2022-04-27T12:41:44,ebdc1ea2-c58b-11ec-a3e4-0242ac110003,B16 0AE,,fe232f5c-b10d-11ec-9c23-00155db0e9cc,variant_a
57559,2022-04-27T12:41:57,ebdc1ea2-c58b-11ec-a3e4-0242ac110003,B16 0AE,,fe232f5c-b10d-11ec-9c23-00155db0e9cc,variant_a
57560,2022-04-27T12:42:05,ebdc1ea2-c58b-11ec-a3e4-0242ac110003,B16 0AE,,fe232f5c-b10d-11ec-9c23-00155db0e9cc,variant_a
57561,2022-04-27T12:43:25,ebdc1ea2-c58b-11ec-a3e4-0242ac110003,B16 0AE,,fe232f5c-b10d-11ec-9c23-00155db0e9cc,variant_a
57562,2022-04-27T12:43:56,ebdc1ea2-c58b-11ec-a3e4-0242ac110003,B16 0AE,,fe232f5c-b10d-11ec-9c23-00155db0e9cc,variant_a
57563,2022-04-27T12:44:29,ebdc1ea2-c58b-11ec-a3e4-0242ac110003,B16 0AE,,fe232f5c-b10d-11ec-9c23-00155db0e9cc,variant_a
57564,2022-04-27T12:45:50,ebdc1ea2-c58b-11ec-a3e4-0242ac110003,B16 0AE,,fe232f5c-b10d-11ec-9c23-00155db0e9cc,variant_a
57565,2022-04-27T12:46:44,ebdc1ea2-c58b-11ec-a3e4-0242ac110003,B16 0AE,,fe232f5c-b10d-11ec-9c23-00155db0e9cc,variant_a
57566,2022-04-27T12:46:57,ebdc1ea2-c58b-11ec-a3e4-0242ac110003,B16 0AE,,fe232f5c-b10d-11ec-9c23-00155db0e9cc,variant_a
57567,2022-04-27T12:47:03,ebdc1ea2-c58b-11ec-a3e4-0242ac110003,B16 0AE,,fe232f5c-b10d-11ec-9c23-00155db0e9cc,variant_a
57568,2022-04-27T12:49:22,ebdc1ea2-c58b-11ec-a3e4-0242ac110003,B16 0AE,,fe232f5c-b10d-11ec-9c23-00155db0e9cc,variant_a
57569,2022-04-27T12:49:30,ebdc1ea2-c58b-11ec-a3e4-0242ac110003,B16 0AE,,fe232f5c-b10d-11ec-9c23-00155db0e9cc,variant_a
57570,2022-04-27T12:50:46,ebdc1ea2-c58b-11ec-a3e4-0242ac110003,B16 0AE,,fe232f5c-b10d-11ec-9c23-00155db0e9cc,variant_a
57571,2022-04-27T12:51:02,ebdc1ea2-c58b-11ec-a3e4-0242ac110003,B16 0AE,,fe232f5c-b10d-11ec-9c23-00155db0e9cc,variant_a
57572,2022-04-27T12:51:13,ebdc1ea2-c58b-11ec-a3e4-0242ac110003,B16 0AE,,fe232f5c-b10d-11ec-9c23-00155db0e9cc,variant_a
57573,2022-04-27T12:52:15,ebdc1ea2-c58b-11ec-a3e4-0242ac110003,B16 0AE,,fe232f5c-b10d-11ec-9c23-00155db0e9cc,variant_a
57574,2022-04-27T12:55:07,ebdc1ea2-c58b-11ec-a3e4-0242ac110003,B16 0AE,,fe232f5c-b10d-11ec-9c23-00155db0e9cc,variant_a
57575,2022-04-27T12:55:17,ebdc1ea2-c58b-11ec-a3e4-0242ac110003,B16 0AE,,fe232f5c-b10d-11ec-9c23-00155db0e9cc,variant_a
57576,2022-04-27T12:56:04,5b05f6ac-c629-11ec-8e62-0242ac110002,KA14 4AS,,fe232f5c-b10d-11ec-9c23-00155db0e9cc,variant_a
57577,2022-04-27T12:56:04,5b05f6ac-c629-11ec-8e62-0242ac110002,KA14 4AS,,fe232f5c-b10d-11ec-9c23-00155db0e9cc,variant_a
57578,2022-04-27T12:56:32,ebdc1ea2-c58b-11ec-a3e4-0242ac110003,B16 0AE,,fe232f5c-b10d-11ec-9c23-00155db0e9cc,variant_a
57579,2022-04-27T12:57:29,ebdc1ea2-c58b-11ec-a3e4-0242ac110003,B16 0AE,,fe232f5c-b10d-11ec-9c23-00155db0e9cc,variant_a
57581,2022-04-27T12:59:12,c043e6f0-c629-11ec-bd3c-0242ac110003,B16 0AE,,fe232f5c-b10d-11ec-9c23-00155db0e9cc,variant_a
57582,2022-04-27T13:00:14,c043e6f0-c629-11ec-bd3c-0242ac110003,B16 0AE,,fe232f5c-b10d-11ec-9c23-00155db0e9cc,variant_a
57583,2022-04-27T13:12:34,a311e8be-c62b-11ec-8921-0242ac110002,E8 3DR,,fe232f5c-b10d-11ec-9c23-00155db0e9cc,control
57584,2022-04-27T13:12:53,a311e8be-c62b-11ec-8921-0242ac110002,E8 3DR,,fe232f5c-b10d-11ec-9c23-00155db0e9cc,control
57585,2022-04-27T13:13:56,a311e8be-c62b-11ec-8921-0242ac110002,E8 3DR,,fe232f5c-b10d-11ec-9c23-00155db0e9cc,control
57586,2022-04-27T13:18:28,c043e6f0-c629-11ec-bd3c-0242ac110003,B16 0AE,,fe232f5c-b10d-11ec-9c23-00155db0e9cc,variant_a
57587,2022-04-27T13:19:22,c043e6f0-c629-11ec-bd3c-0242ac110003,B16 0AE,,fe232f5c-b10d-11ec-9c23-00155db0e9cc,variant_a
57588,2022-04-27T13:19:27,c043e6f0-c629-11ec-bd3c-0242ac110003,B16 0AE,,fe232f5c-b10d-11ec-9c23-00155db0e9cc,variant_a
57589,2022-04-27T13:19:34,c043e6f0-c629-11ec-bd3c-0242ac110003,B16 0AE,,fe232f5c-b10d-11ec-9c23-00155db0e9cc,variant_a
57590,2022-04-27T13:19:57,abca3118-c62c-11ec-ab2c-0242ac110002,B16 5QC,,fe232f5c-b10d-11ec-9c23-00155db0e9cc,control
57591,2022-04-27T13:22:20,abca3118-c62c-11ec-ab2c-0242ac110002,B16 5QC,,fe232f5c-b10d-11ec-9c23-00155db0e9cc,control
57592,2022-04-27T13:22:55,abca3118-c62c-11ec-ab2c-0242ac110002,B16 5QC,,fe232f5c-b10d-11ec-9c23-00155db0e9cc,control
57593,2022-04-27T13:24:30,4d4a677e-c62d-11ec-ab2c-0242ac110002,B16 5QC,,fe232f5c-b10d-11ec-9c23-00155db0e9cc,control
57594,2022-04-27T13:25:24,4d4a677e-c62d-11ec-ab2c-0242ac110002,B16 5QC,,fe232f5c-b10d-11ec-9c23-00155db0e9cc,control
57595,2022-04-27T13:28:32,e23c002c-c62d-11ec-8921-0242ac110002,SE15 4AT,,fe232f5c-b10d-11ec-9c23-00155db0e9cc,control
57596,2022-04-27T13:28:44,e23c002c-c62d-11ec-8921-0242ac110002,SE15 4AT,,fe232f5c-b10d-11ec-9c23-00155db0e9cc,control
57597,2022-04-27T13:29:21,e23c002c-c62d-11ec-8921-0242ac110002,SE15 4AT,,fe232f5c-b10d-11ec-9c23-00155db0e9cc,control
57598,2022-04-27T13:32:00,5d31cdf2-c62e-11ec-a3e4-0242ac110003,B16 4QC,,fe232f5c-b10d-11ec-9c23-00155db0e9cc,variant_a
57599,2022-04-27T13:33:06,5d31cdf2-c62e-11ec-a3e4-0242ac110003,B16 4QC,,fe232f5c-b10d-11ec-9c23-00155db0e9cc,variant_a
57600,2022-04-27T13:35:32,c043e6f0-c629-11ec-bd3c-0242ac110003,B16 0AE,,fe232f5c-b10d-11ec-9c23-00155db0e9cc,variant_a
57601,2022-04-27T13:36:07,f09d57b4-c62e-11ec-a3e4-0242ac110003,B16 0AE,,fe232f5c-b10d-11ec-9c23-00155db0e9cc,variant_a
57602,2022-04-27T13:36:23,f09d57b4-c62e-11ec-a3e4-0242ac110003,B16 0AE,,fe232f5c-b10d-11ec-9c23-00155db0e9cc,variant_a
57604,2022-04-27T13:37:30,2bef3cba-c62f-11ec-bd3c-0242ac110003,B16 5QC,,fe232f5c-b10d-11ec-9c23-00155db0e9cc,control
57605,2022-04-27T13:42:33,dc5c81de-c62f-11ec-bd3c-0242ac110003,HU3 0JC,,fe232f5c-b10d-11ec-9c23-00155db0e9cc,variant_a
57606,2022-04-27T13:43:07,dc5c81de-c62f-11ec-bd3c-0242ac110003,HU3 0JC,,fe232f5c-b10d-11ec-9c23-00155db0e9cc,variant_a
57607,2022-04-27T13:43:31,f2a17ad0-c62f-11ec-bd3c-0242ac110003,HU8 9TJ,,fe232f5c-b10d-11ec-9c23-00155db0e9cc,control
57608,2022-04-27T13:46:33,6daed0ec-c630-11ec-bd3c-0242ac110003,E8 3DR,,fe232f5c-b10d-11ec-9c23-00155db0e9cc,control
57609,2022-04-27T13:47:22,8bfa7c04-c630-11ec-a3e4-0242ac110003,E6 3DR,,fe232f5c-b10d-11ec-9c23-00155db0e9cc,control
57610,2022-04-27T13:48:15,a8e67b88-c630-11ec-bd3c-0242ac110003,E6 3DR,,fe232f5c-b10d-11ec-9c23-00155db0e9cc,control
57611,2022-04-27T13:48:33,8bfa7c04-c630-11ec-a3e4-0242ac110003,E6 3DR,,fe232f5c-b10d-11ec-9c23-00155db0e9cc,control
57612,2022-04-27T13:48:47,8bfa7c04-c630-11ec-a3e4-0242ac110003,E6 3DR,,fe232f5c-b10d-11ec-9c23-00155db0e9cc,control
57613,2022-04-27T13:51:35,10bc913e-c631-11ec-a3e4-0242ac110003,CV3 5BW,,fe232f5c-b10d-11ec-9c23-00155db0e9cc,control
57614,2022-04-27T13:52:03,10bc913e-c631-11ec-a3e4-0242ac110003,CV3 5BW,,fe232f5c-b10d-11ec-9c23-00155db0e9cc,control
57616,2022-04-27T14:08:37,7e8927c0-c633-11ec-ab2c-0242ac110002,E16 2SY,,fe232f5c-b10d-11ec-9c23-00155db0e9cc,control
57617,2022-04-27T14:10:54,cb36a156-c633-11ec-a3e4-0242ac110003,CF3 3NN,,fe232f5c-b10d-11ec-9c23-00155db0e9cc,variant_a
57618,2022-04-27T14:13:17,cb36a156-c633-11ec-a3e4-0242ac110003,CF3 3NN,,fe232f5c-b10d-11ec-9c23-00155db0e9cc,variant_a
57619,2022-04-27T14:18:21,ae16d314-a13c-11ec-a98c-0242ac110008,RG1 2PN,,fe232f5c-b10d-11ec-9c23-00155db0e9cc,variant_a
57621,2022-04-27T14:27:51,c043e6f0-c629-11ec-bd3c-0242ac110003,B16 0AE,,fe232f5c-b10d-11ec-9c23-00155db0e9cc,variant_a
57622,2022-04-27T14:27:59,c043e6f0-c629-11ec-bd3c-0242ac110003,B16 0AE,,fe232f5c-b10d-11ec-9c23-00155db0e9cc,variant_a
57623,2022-04-27T14:28:17,c043e6f0-c629-11ec-bd3c-0242ac110003,B16 0AE,,fe232f5c-b10d-11ec-9c23-00155db0e9cc,variant_a
57624,2022-04-27T14:28:49,c043e6f0-c629-11ec-bd3c-0242ac110003,B16 0AE,,fe232f5c-b10d-11ec-9c23-00155db0e9cc,variant_a
57625,2022-04-27T14:30:32,8d9abdca-c636-11ec-bd3c-0242ac110003,BB117RS,,fe232f5c-b10d-11ec-9c23-00155db0e9cc,control
57626,2022-04-27T14:33:06,e0901516-c636-11ec-84ef-0242ac110002,B16 4QC,,fe232f5c-b10d-11ec-9c23-00155db0e9cc,variant_a
57627,2022-04-27T14:33:06,e0901516-c636-11ec-84ef-0242ac110002,B16 4QC,,fe232f5c-b10d-11ec-9c23-00155db0e9cc,variant_a
57628,2022-04-27T14:35:17,3949e1fa-c637-11ec-bd3c-0242ac110003,B16 4QC,,fe232f5c-b10d-11ec-9c23-00155db0e9cc,variant_a
57629,2022-04-27T14:41:01,fe0ad2ba-c637-11ec-ab2c-0242ac110002,B16 4QC,,fe232f5c-b10d-11ec-9c23-00155db0e9cc,variant_a
57630,2022-04-27T14:42:40,377af66a-c638-11ec-a3e4-0242ac110003,B16 4QC,,fe232f5c-b10d-11ec-9c23-00155db0e9cc,variant_a
57631,2022-04-27T14:43:23,1d174b16-c638-11ec-a3e4-0242ac110003,DH1 5AY,,fe232f5c-b10d-11ec-9c23-00155db0e9cc,control
57632,2022-04-27T14:44:14,1d174b16-c638-11ec-a3e4-0242ac110003,DH1 5AY,,fe232f5c-b10d-11ec-9c23-00155db0e9cc,control
57633,2022-04-27T14:49:53,1d174b16-c638-11ec-a3e4-0242ac110003,DH1 5AY,,fe232f5c-b10d-11ec-9c23-00155db0e9cc,control
57634,2022-04-27T14:50:04,1d174b16-c638-11ec-a3e4-0242ac110003,DH1 5AY,,fe232f5c-b10d-11ec-9c23-00155db0e9cc,control
57635,2022-04-27T14:50:06,1d174b16-c638-11ec-a3e4-0242ac110003,DH1 5AY,,fe232f5c-b10d-11ec-9c23-00155db0e9cc,control
57636,2022-04-27T14:53:01,99ac8e60-c639-11ec-ab2c-0242ac110002,DH1 5AY,,fe232f5c-b10d-11ec-9c23-00155db0e9cc,control
57637,2022-04-27T14:53:46,99ac8e60-c639-11ec-ab2c-0242ac110002,DH1 5AY,,fe232f5c-b10d-11ec-9c23-00155db0e9cc,control
57638,2022-04-27T14:56:28,20262dfc-c63a-11ec-a3e4-0242ac110003,DH1 5AY,,fe232f5c-b10d-11ec-9c23-00155db0e9cc,control
57639,2022-04-27T14:56:35,33ef99fe-c63a-11ec-8e62-0242ac110002,b169xl,,fe232f5c-b10d-11ec-9c23-00155db0e9cc,variant_a
57640,2022-04-27T14:56:35,33ef99fe-c63a-11ec-8e62-0242ac110002,b169xl,,fe232f5c-b10d-11ec-9c23-00155db0e9cc,variant_a
57641,2022-04-27T15:02:22,fc1473aa-c63a-11ec-8921-0242ac110002,BB117RS,,fe232f5c-b10d-11ec-9c23-00155db0e9cc,control
57642,2022-04-27T15:10:56,33ef99fe-c63a-11ec-8e62-0242ac110002,PH40 4PE,,fe232f5c-b10d-11ec-9c23-00155db0e9cc,variant_a
57643,2022-04-27T15:10:56,33ef99fe-c63a-11ec-8e62-0242ac110002,PH40 4PE,,fe232f5c-b10d-11ec-9c23-00155db0e9cc,variant_a
57644,2022-04-27T15:32:38,377af66a-c638-11ec-a3e4-0242ac110003,B16 4QC,,fe232f5c-b10d-11ec-9c23-00155db0e9cc,variant_a
57645,2022-04-27T15:33:36,377af66a-c638-11ec-a3e4-0242ac110003,B16 4QC,,fe232f5c-b10d-11ec-9c23-00155db0e9cc,variant_a
57646,2022-04-27T15:34:03,377af66a-c638-11ec-a3e4-0242ac110003,B16 4QC,,fe232f5c-b10d-11ec-9c23-00155db0e9cc,variant_a
57647,2022-04-27T15:36:18,377af66a-c638-11ec-a3e4-0242ac110003,B16 4QC,,fe232f5c-b10d-11ec-9c23-00155db0e9cc,variant_a
57648,2022-04-27T15:37:17,377af66a-c638-11ec-a3e4-0242ac110003,B16 4QC,,fe232f5c-b10d-11ec-9c23-00155db0e9cc,variant_a
57650,2022-04-27T15:40:04,4a9c043e-c640-11ec-8921-0242ac110002,B16 4QC,,fe232f5c-b10d-11ec-9c23-00155db0e9cc,variant_a
57651,2022-04-27T15:41:18,74e483d8-c640-11ec-8921-0242ac110002,E6 3DR,,fe232f5c-b10d-11ec-9c23-00155db0e9cc,control
57652,2022-04-27T15:41:48,85b8a248-c640-11ec-ab2c-0242ac110002,E6 3DR,,fe232f5c-b10d-11ec-9c23-00155db0e9cc,control
57654,2022-04-27T15:56:49,52bb178e-b4f9-11ec-b043-0242ac11000c,RG1 2PN,,fe232f5c-b10d-11ec-9c23-00155db0e9cc,variant_a
57655,2022-04-27T15:57:52,5b71a5de-93f5-11ec-b3ba-0242ac110003,N31QL,,fe232f5c-b10d-11ec-9c23-00155db0e9cc,variant_a
57656,2022-04-27T15:57:53,5b71a5de-93f5-11ec-b3ba-0242ac110003,N31QL,,fe232f5c-b10d-11ec-9c23-00155db0e9cc,variant_a
57657,2022-04-27T16:00:43,5b71a5de-93f5-11ec-b3ba-0242ac110003,BA7 7DX,,fe232f5c-b10d-11ec-9c23-00155db0e9cc,variant_a
57658,2022-04-27T16:00:43,5b71a5de-93f5-11ec-b3ba-0242ac110003,BA7 7DX,,fe232f5c-b10d-11ec-9c23-00155db0e9cc,variant_a
57659,2022-04-27T16:02:47,5b71a5de-93f5-11ec-b3ba-0242ac110003,B20 1AD,,fe232f5c-b10d-11ec-9c23-00155db0e9cc,variant_a
57660,2022-04-27T16:02:47,5b71a5de-93f5-11ec-b3ba-0242ac110003,B20 1AD,,fe232f5c-b10d-11ec-9c23-00155db0e9cc,variant_a
57661,2022-04-27T16:04:38,5b71a5de-93f5-11ec-b3ba-0242ac110003,AL1 4SL,,fe232f5c-b10d-11ec-9c23-00155db0e9cc,variant_a
57662,2022-04-27T16:04:38,5b71a5de-93f5-11ec-b3ba-0242ac110003,AL1 4SL,,fe232f5c-b10d-11ec-9c23-00155db0e9cc,variant_a
57663,2022-04-27T16:08:48,5b71a5de-93f5-11ec-b3ba-0242ac110003,KA14 4AS,,fe232f5c-b10d-11ec-9c23-00155db0e9cc,variant_a
57664,2022-04-27T16:08:48,5b71a5de-93f5-11ec-b3ba-0242ac110003,KA14 4AS,,fe232f5c-b10d-11ec-9c23-00155db0e9cc,variant_a
57665,2022-04-27T16:11:26,5b71a5de-93f5-11ec-b3ba-0242ac110003,KA14 4AS,,fe232f5c-b10d-11ec-9c23-00155db0e9cc,variant_a
57666,2022-04-27T16:11:38,5b71a5de-93f5-11ec-b3ba-0242ac110003,KA14 4AS,,fe232f5c-b10d-11ec-9c23-00155db0e9cc,variant_a
57667,2022-04-27T16:11:38,5b71a5de-93f5-11ec-b3ba-0242ac110003,KA14 4AS,,fe232f5c-b10d-11ec-9c23-00155db0e9cc,variant_a
57668,2022-04-27T16:13:39,5b71a5de-93f5-11ec-b3ba-0242ac110003,CV3 5BW,,fe232f5c-b10d-11ec-9c23-00155db0e9cc,control
57669,2022-04-27T16:13:39,5b71a5de-93f5-11ec-b3ba-0242ac110003,CV3 5BW,,fe232f5c-b10d-11ec-9c23-00155db0e9cc,control
57670,2022-04-27T16:17:12,5b71a5de-93f5-11ec-b3ba-0242ac110003,AL1 5SL,,fe232f5c-b10d-11ec-9c23-00155db0e9cc,control
57671,2022-04-27T16:17:12,5b71a5de-93f5-11ec-b3ba-0242ac110003,AL1 5SL,,fe232f5c-b10d-11ec-9c23-00155db0e9cc,control
57672,2022-04-27T16:18:00,8b5d1e54-c645-11ec-8921-0242ac110002,E6 3DR,,fe232f5c-b10d-11ec-9c23-00155db0e9cc,control
57673,2022-04-27T16:18:07,8b5d1e54-c645-11ec-8921-0242ac110002,E6 3DR,,fe232f5c-b10d-11ec-9c23-00155db0e9cc,control
57674,2022-04-27T16:18:55,8b5d1e54-c645-11ec-8921-0242ac110002,E6 3DR,,fe232f5c-b10d-11ec-9c23-00155db0e9cc,control
57675,2022-04-27T16:19:05,8b5d1e54-c645-11ec-8921-0242ac110002,E6 3DR,,fe232f5c-b10d-11ec-9c23-00155db0e9cc,control
57676,2022-04-27T16:19:07,bd6547be-c645-11ec-8921-0242ac110002,B16 9XL,,fe232f5c-b10d-11ec-9c23-00155db0e9cc,variant_a
57677,2022-04-27T16:19:19,8b5d1e54-c645-11ec-8921-0242ac110002,E6 3DR,,fe232f5c-b10d-11ec-9c23-00155db0e9cc,control
57678,2022-04-27T16:20:55,5b71a5de-93f5-11ec-b3ba-0242ac110003,DH1 5AY,,fe232f5c-b10d-11ec-9c23-00155db0e9cc,control
57679,2022-04-27T16:20:55,5b71a5de-93f5-11ec-b3ba-0242ac110003,DH1 5AY,,fe232f5c-b10d-11ec-9c23-00155db0e9cc,control
57680,2022-04-27T16:22:10,2693f816-c646-11ec-8e62-0242ac110002,b169xl,,fe232f5c-b10d-11ec-9c23-00155db0e9cc,variant_a
57681,2022-04-27T16:22:10,2693f816-c646-11ec-8e62-0242ac110002,b169xl,,fe232f5c-b10d-11ec-9c23-00155db0e9cc,variant_a
57682,2022-04-27T16:34:27,c043e6f0-c629-11ec-bd3c-0242ac110003,B16 0AE,,fe232f5c-b10d-11ec-9c23-00155db0e9cc,variant_a
57683,2022-04-27T16:34:42,c043e6f0-c629-11ec-bd3c-0242ac110003,B16 0AE,,fe232f5c-b10d-11ec-9c23-00155db0e9cc,variant_a
57685,2022-04-27T16:35:32,c043e6f0-c629-11ec-bd3c-0242ac110003,B16 0AE,,fe232f5c-b10d-11ec-9c23-00155db0e9cc,variant_a
57686,2022-04-27T16:35:37,c043e6f0-c629-11ec-bd3c-0242ac110003,B16 0AD,,fe232f5c-b10d-11ec-9c23-00155db0e9cc,control
57687,2022-04-27T16:35:58,c043e6f0-c629-11ec-bd3c-0242ac110003,B16 0AD,,fe232f5c-b10d-11ec-9c23-00155db0e9cc,control
57688,2022-04-27T16:36:27,c043e6f0-c629-11ec-bd3c-0242ac110003,B16 0AD,,fe232f5c-b10d-11ec-9c23-00155db0e9cc,control
57689,2022-04-27T16:36:28,c043e6f0-c629-11ec-bd3c-0242ac110003,B16 0AD,,fe232f5c-b10d-11ec-9c23-00155db0e9cc,control
57690,2022-04-27T16:36:30,c043e6f0-c629-11ec-bd3c-0242ac110003,B16 0AD,,fe232f5c-b10d-11ec-9c23-00155db0e9cc,control
57691,2022-04-27T16:36:36,c043e6f0-c629-11ec-bd3c-0242ac110003,B16 0AE,,fe232f5c-b10d-11ec-9c23-00155db0e9cc,variant_a
57692,2022-04-27T16:36:47,c043e6f0-c629-11ec-bd3c-0242ac110003,B16 0AE,,fe232f5c-b10d-11ec-9c23-00155db0e9cc,variant_a
57693,2022-04-27T16:37:31,c043e6f0-c629-11ec-bd3c-0242ac110003,B16 0AE,,fe232f5c-b10d-11ec-9c23-00155db0e9cc,variant_a
57694,2022-04-27T16:38:01,c043e6f0-c629-11ec-bd3c-0242ac110003,B16 0AE,,fe232f5c-b10d-11ec-9c23-00155db0e9cc,variant_a
57695,2022-04-27T16:38:22,c043e6f0-c629-11ec-bd3c-0242ac110003,B16 0AE,,fe232f5c-b10d-11ec-9c23-00155db0e9cc,variant_a
57696,2022-04-27T17:19:05,927a16dc-c64b-11ec-a4e6-0242ac110002,n3 1ql,,fe232f5c-b10d-11ec-9c23-00155db0e9cc,variant_a
57697,2022-04-27T17:19:05,927a16dc-c64b-11ec-a4e6-0242ac110002,n3 1ql,,fe232f5c-b10d-11ec-9c23-00155db0e9cc,variant_a
57698,2022-04-27T17:26:00,927a16dc-c64b-11ec-a4e6-0242ac110002,n3 1ql,,fe232f5c-b10d-11ec-9c23-00155db0e9cc,variant_a
57699,2022-04-27T17:30:55,927a16dc-c64b-11ec-a4e6-0242ac110002,n3 1ql,,fe232f5c-b10d-11ec-9c23-00155db0e9cc,variant_a
57700,2022-04-27T17:30:55,927a16dc-c64b-11ec-a4e6-0242ac110002,n3 1ql,,fe232f5c-b10d-11ec-9c23-00155db0e9cc,variant_a
57701,2022-04-27T17:40:00,927a16dc-c64b-11ec-a4e6-0242ac110002,n3 1ql,,fe232f5c-b10d-11ec-9c23-00155db0e9cc,variant_a
57702,2022-04-27T17:40:09,927a16dc-c64b-11ec-a4e6-0242ac110002,b16 9xl,,fe232f5c-b10d-11ec-9c23-00155db0e9cc,variant_a
57703,2022-04-27T17:40:09,927a16dc-c64b-11ec-a4e6-0242ac110002,b16 9xl,,fe232f5c-b10d-11ec-9c23-00155db0e9cc,variant_a
57704,2022-04-27T17:58:58,ad74d438-c653-11ec-af8d-0242ac110002,b16 9xl,,fe232f5c-b10d-11ec-9c23-00155db0e9cc,variant_a
57705,2022-04-27T17:58:58,ad74d438-c653-11ec-af8d-0242ac110002,b16 9xl,,fe232f5c-b10d-11ec-9c23-00155db0e9cc,variant_a
57706,2022-04-27T18:13:47,beb057e8-c655-11ec-8e62-0242ac110002,b169xl,,fe232f5c-b10d-11ec-9c23-00155db0e9cc,variant_a
57707,2022-04-27T18:13:47,beb057e8-c655-11ec-8e62-0242ac110002,b169xl,,fe232f5c-b10d-11ec-9c23-00155db0e9cc,variant_a
57708,2022-04-28T08:24:17,c043e6f0-c629-11ec-bd3c-0242ac110003,B16 0AE,,fe232f5c-b10d-11ec-9c23-00155db0e9cc,variant_a
57709,2022-04-28T08:24:23,c043e6f0-c629-11ec-bd3c-0242ac110003,B16 0AE,,fe232f5c-b10d-11ec-9c23-00155db0e9cc,variant_a
57710,2022-04-28T08:25:14,c043e6f0-c629-11ec-bd3c-0242ac110003,B16 0AE,,fe232f5c-b10d-11ec-9c23-00155db0e9cc,variant_a
57711,2022-04-28T08:26:57,c043e6f0-c629-11ec-bd3c-0242ac110003,B16 0AE,,fe232f5c-b10d-11ec-9c23-00155db0e9cc,variant_a
57712,2022-04-28T08:38:40,c043e6f0-c629-11ec-bd3c-0242ac110003,B16 0AE,,fe232f5c-b10d-11ec-9c23-00155db0e9cc,variant_a
57713,2022-04-28T08:39:59,c043e6f0-c629-11ec-bd3c-0242ac110003,B16 0AE,,fe232f5c-b10d-11ec-9c23-00155db0e9cc,variant_a
57714,2022-04-28T08:42:00,c043e6f0-c629-11ec-bd3c-0242ac110003,B16 0AE,,fe232f5c-b10d-11ec-9c23-00155db0e9cc,variant_a
57715,2022-04-28T08:43:05,c043e6f0-c629-11ec-bd3c-0242ac110003,B16 0AE,,fe232f5c-b10d-11ec-9c23-00155db0e9cc,variant_a
57716,2022-04-28T08:43:10,c043e6f0-c629-11ec-bd3c-0242ac110003,B16 0AD,,fe232f5c-b10d-11ec-9c23-00155db0e9cc,control
57717,2022-04-28T08:44:20,c043e6f0-c629-11ec-bd3c-0242ac110003,B16 0AE,,fe232f5c-b10d-11ec-9c23-00155db0e9cc,variant_a
57718,2022-04-28T08:44:57,c043e6f0-c629-11ec-bd3c-0242ac110003,B16 0AE,,fe232f5c-b10d-11ec-9c23-00155db0e9cc,variant_a
57719,2022-04-28T08:45:09,c043e6f0-c629-11ec-bd3c-0242ac110003,B16 0AD,,fe232f5c-b10d-11ec-9c23-00155db0e9cc,control
57720,2022-04-28T08:45:16,c043e6f0-c629-11ec-bd3c-0242ac110003,B16 0AE,,fe232f5c-b10d-11ec-9c23-00155db0e9cc,variant_a
57721,2022-04-28T08:45:28,c043e6f0-c629-11ec-bd3c-0242ac110003,B16 0AD,,fe232f5c-b10d-11ec-9c23-00155db0e9cc,control
57722,2022-04-28T08:45:38,c043e6f0-c629-11ec-bd3c-0242ac110003,B16 0AE,,fe232f5c-b10d-11ec-9c23-00155db0e9cc,variant_a
57723,2022-04-28T08:45:43,c043e6f0-c629-11ec-bd3c-0242ac110003,B16 0AE,,fe232f5c-b10d-11ec-9c23-00155db0e9cc,variant_a
57724,2022-04-28T08:47:16,c82758e2-c6cf-11ec-84ef-0242ac110002,b169xl,,fe232f5c-b10d-11ec-9c23-00155db0e9cc,variant_a
57725,2022-04-28T08:47:16,c82758e2-c6cf-11ec-84ef-0242ac110002,b169xl,,fe232f5c-b10d-11ec-9c23-00155db0e9cc,variant_a
57726,2022-04-28T09:12:11,fc1473aa-c63a-11ec-8921-0242ac110002,BB117RS,,fe232f5c-b10d-11ec-9c23-00155db0e9cc,control
57727,2022-04-28T09:24:40,c043e6f0-c629-11ec-bd3c-0242ac110003,B16 0AE,,fe232f5c-b10d-11ec-9c23-00155db0e9cc,variant_a
57728,2022-04-28T09:25:22,c043e6f0-c629-11ec-bd3c-0242ac110003,B16 0AE,,fe232f5c-b10d-11ec-9c23-00155db0e9cc,variant_a
57729,2022-04-28T09:25:28,c043e6f0-c629-11ec-bd3c-0242ac110003,B16 0AE,,fe232f5c-b10d-11ec-9c23-00155db0e9cc,variant_a
57730,2022-04-28T09:25:35,c043e6f0-c629-11ec-bd3c-0242ac110003,B16 0AE,,fe232f5c-b10d-11ec-9c23-00155db0e9cc,variant_a
57731,2022-04-28T09:29:33,c043e6f0-c629-11ec-bd3c-0242ac110003,B16 0AE,,fe232f5c-b10d-11ec-9c23-00155db0e9cc,variant_a
57732,2022-04-28T09:29:52,c043e6f0-c629-11ec-bd3c-0242ac110003,B16 0AE,,fe232f5c-b10d-11ec-9c23-00155db0e9cc,variant_a
57733,2022-04-28T09:29:55,c043e6f0-c629-11ec-bd3c-0242ac110003,B16 0AD,,fe232f5c-b10d-11ec-9c23-00155db0e9cc,control
57734,2022-04-28T09:47:06,c043e6f0-c629-11ec-bd3c-0242ac110003,B16 0AD,,fe232f5c-b10d-11ec-9c23-00155db0e9cc,control
57735,2022-04-28T09:48:03,c043e6f0-c629-11ec-bd3c-0242ac110003,B16 0AE,,fe232f5c-b10d-11ec-9c23-00155db0e9cc,variant_a
57736,2022-04-28T09:48:08,c043e6f0-c629-11ec-bd3c-0242ac110003,B16 0AD,,fe232f5c-b10d-11ec-9c23-00155db0e9cc,control
57737,2022-04-28T09:48:19,c043e6f0-c629-11ec-bd3c-0242ac110003,B16 0AD,,fe232f5c-b10d-11ec-9c23-00155db0e9cc,control
57738,2022-04-28T10:00:28,c043e6f0-c629-11ec-bd3c-0242ac110003,B16 0AE,,fe232f5c-b10d-11ec-9c23-00155db0e9cc,variant_a
57739,2022-04-28T10:00:34,c043e6f0-c629-11ec-bd3c-0242ac110003,B16 0AE,,fe232f5c-b10d-11ec-9c23-00155db0e9cc,variant_a
57740,2022-04-28T10:00:46,c043e6f0-c629-11ec-bd3c-0242ac110003,B16 0AE,,fe232f5c-b10d-11ec-9c23-00155db0e9cc,variant_a
57741,2022-04-28T10:00:50,c043e6f0-c629-11ec-bd3c-0242ac110003,B16 0AD,,fe232f5c-b10d-11ec-9c23-00155db0e9cc,control
57742,2022-04-28T10:00:56,c043e6f0-c629-11ec-bd3c-0242ac110003,B16 0AD,,fe232f5c-b10d-11ec-9c23-00155db0e9cc,control
57743,2022-04-28T10:01:13,c043e6f0-c629-11ec-bd3c-0242ac110003,B16 0AD,,fe232f5c-b10d-11ec-9c23-00155db0e9cc,control
57744,2022-04-28T10:18:26,c043e6f0-c629-11ec-bd3c-0242ac110003,B16 0AE,,fe232f5c-b10d-11ec-9c23-00155db0e9cc,variant_a
57745,2022-04-28T10:18:41,c043e6f0-c629-11ec-bd3c-0242ac110003,B16 0AE,,fe232f5c-b10d-11ec-9c23-00155db0e9cc,variant_a
57746,2022-04-28T10:18:57,c043e6f0-c629-11ec-bd3c-0242ac110003,B16 0AE,,fe232f5c-b10d-11ec-9c23-00155db0e9cc,variant_a
57747,2022-04-28T11:54:50,c043e6f0-c629-11ec-bd3c-0242ac110003,B16 0AE,,fe232f5c-b10d-11ec-9c23-00155db0e9cc,variant_a
57748,2022-04-28T11:55:18,c043e6f0-c629-11ec-bd3c-0242ac110003,B16 0Ad,,fe232f5c-b10d-11ec-9c23-00155db0e9cc,control
57749,2022-04-28T11:58:59,8c4727e2-c6ea-11ec-84ef-0242ac110002,EH11 4FQ,,fe232f5c-b10d-11ec-9c23-00155db0e9cc,control
57750,2022-04-28T11:58:59,8c4727e2-c6ea-11ec-84ef-0242ac110002,EH11 4FQ,,fe232f5c-b10d-11ec-9c23-00155db0e9cc,control
57751,2022-04-28T11:59:10,8c4727e2-c6ea-11ec-84ef-0242ac110002,EH11 4FQ,,fe232f5c-b10d-11ec-9c23-00155db0e9cc,control
57752,2022-04-28T11:59:10,8c4727e2-c6ea-11ec-84ef-0242ac110002,EH11 4FQ,,fe232f5c-b10d-11ec-9c23-00155db0e9cc,control
57753,2022-04-28T13:43:51,349cd960-c6f9-11ec-8813-0242ac110002,b169xl,,fe232f5c-b10d-11ec-9c23-00155db0e9cc,variant_a
57754,2022-04-28T13:55:01,349cd960-c6f9-11ec-8813-0242ac110002,b169xl,,fe232f5c-b10d-11ec-9c23-00155db0e9cc,variant_a
57755,2022-04-28T14:43:36,c043e6f0-c629-11ec-bd3c-0242ac110003,B16 0AE,,fe232f5c-b10d-11ec-9c23-00155db0e9cc,variant_a
57756,2022-04-28T14:43:43,c043e6f0-c629-11ec-bd3c-0242ac110003,B16 0AE,,fe232f5c-b10d-11ec-9c23-00155db0e9cc,variant_a
57757,2022-04-28T14:43:50,c043e6f0-c629-11ec-bd3c-0242ac110003,B16 0AE,,fe232f5c-b10d-11ec-9c23-00155db0e9cc,variant_a
57758,2022-04-28T14:44:30,c043e6f0-c629-11ec-bd3c-0242ac110003,B16 0AE,,fe232f5c-b10d-11ec-9c23-00155db0e9cc,variant_a
57759,2022-04-28T14:44:59,c043e6f0-c629-11ec-bd3c-0242ac110003,B16 0AE,,fe232f5c-b10d-11ec-9c23-00155db0e9cc,variant_a
57760,2022-04-28T14:45:44,c043e6f0-c629-11ec-bd3c-0242ac110003,B16 0AE,,fe232f5c-b10d-11ec-9c23-00155db0e9cc,variant_a
57761,2022-04-28T14:45:50,c043e6f0-c629-11ec-bd3c-0242ac110003,B16 0AE,,fe232f5c-b10d-11ec-9c23-00155db0e9cc,variant_a
57762,2022-04-28T14:45:55,c043e6f0-c629-11ec-bd3c-0242ac110003,B16 0AE,,fe232f5c-b10d-11ec-9c23-00155db0e9cc,variant_a
57763,2022-04-28T14:46:00,c043e6f0-c629-11ec-bd3c-0242ac110003,B16 0AE,,fe232f5c-b10d-11ec-9c23-00155db0e9cc,variant_a
57764,2022-04-28T14:46:16,c043e6f0-c629-11ec-bd3c-0242ac110003,B16 0AD,,fe232f5c-b10d-11ec-9c23-00155db0e9cc,control
57765,2022-04-28T14:47:12,c043e6f0-c629-11ec-bd3c-0242ac110003,B16 0AD,,fe232f5c-b10d-11ec-9c23-00155db0e9cc,control
57766,2022-04-28T14:47:15,c043e6f0-c629-11ec-bd3c-0242ac110003,B16 0AE,,fe232f5c-b10d-11ec-9c23-00155db0e9cc,variant_a
57767,2022-04-28T14:47:32,c043e6f0-c629-11ec-bd3c-0242ac110003,B16 0AD,,fe232f5c-b10d-11ec-9c23-00155db0e9cc,control
57768,2022-04-28T14:49:33,c043e6f0-c629-11ec-bd3c-0242ac110003,B16 0AD,,fe232f5c-b10d-11ec-9c23-00155db0e9cc,control
57769,2022-04-28T14:50:53,c043e6f0-c629-11ec-bd3c-0242ac110003,B16 0AE,,fe232f5c-b10d-11ec-9c23-00155db0e9cc,variant_a
57770,2022-04-28T14:50:59,c043e6f0-c629-11ec-bd3c-0242ac110003,B16 0AD,,fe232f5c-b10d-11ec-9c23-00155db0e9cc,control
57771,2022-04-28T14:53:10,e6cd83c4-c702-11ec-84ef-0242ac110002,sw9 6de,,fe232f5c-b10d-11ec-9c23-00155db0e9cc,control
57772,2022-04-28T14:53:10,e6cd83c4-c702-11ec-84ef-0242ac110002,sw9 6de,,fe232f5c-b10d-11ec-9c23-00155db0e9cc,control
57773,2022-04-28T14:58:36,c043e6f0-c629-11ec-bd3c-0242ac110003,B16 0AE,,fe232f5c-b10d-11ec-9c23-00155db0e9cc,variant_a
57774,2022-04-28T14:58:42,c043e6f0-c629-11ec-bd3c-0242ac110003,B16 0AD,,fe232f5c-b10d-11ec-9c23-00155db0e9cc,control
57775,2022-04-28T14:59:21,c043e6f0-c629-11ec-bd3c-0242ac110003,B16 0AE,,fe232f5c-b10d-11ec-9c23-00155db0e9cc,variant_a
57776,2022-04-28T14:59:26,c043e6f0-c629-11ec-bd3c-0242ac110003,B16 0AD,,fe232f5c-b10d-11ec-9c23-00155db0e9cc,control
57777,2022-04-28T14:59:37,c043e6f0-c629-11ec-bd3c-0242ac110003,B16 0AD,,fe232f5c-b10d-11ec-9c23-00155db0e9cc,control
57778,2022-04-28T15:00:17,c043e6f0-c629-11ec-bd3c-0242ac110003,B16 0AE,,fe232f5c-b10d-11ec-9c23-00155db0e9cc,variant_a
57779,2022-04-28T15:15:57,c043e6f0-c629-11ec-bd3c-0242ac110003,B16 0AE,,fe232f5c-b10d-11ec-9c23-00155db0e9cc,variant_a
57780,2022-04-28T15:16:23,252583f8-c706-11ec-a3f9-0242ac110002,b169xl,,fe232f5c-b10d-11ec-9c23-00155db0e9cc,variant_a
57781,2022-04-28T15:18:50,7ce6b29c-c706-11ec-84ef-0242ac110002,b169xl,,fe232f5c-b10d-11ec-9c23-00155db0e9cc,variant_a
57782,2022-04-28T15:19:28,c043e6f0-c629-11ec-bd3c-0242ac110003,B16 0AE,,fe232f5c-b10d-11ec-9c23-00155db0e9cc,variant_a
57783,2022-04-28T15:20:03,97bf9520-c706-11ec-8921-0242ac110002,B16 0AE,,fe232f5c-b10d-11ec-9c23-00155db0e9cc,variant_a
57784,2022-04-28T15:20:07,97bf9520-c706-11ec-8921-0242ac110002,B16 0AE,,fe232f5c-b10d-11ec-9c23-00155db0e9cc,variant_a
57785,2022-04-28T15:20:16,97bf9520-c706-11ec-8921-0242ac110002,B16 0AE,,fe232f5c-b10d-11ec-9c23-00155db0e9cc,variant_a
57787,2022-04-28T15:21:21,d50859a8-c706-11ec-af8d-0242ac110002,b169xl,,fe232f5c-b10d-11ec-9c23-00155db0e9cc,variant_a
57788,2022-04-28T15:22:16,c043e6f0-c629-11ec-bd3c-0242ac110003,B16 0AE,,fe232f5c-b10d-11ec-9c23-00155db0e9cc,variant_a
57789,2022-04-28T15:22:32,01ed19f4-c707-11ec-b4d4-0242ac110002,b169xl,,fe232f5c-b10d-11ec-9c23-00155db0e9cc,variant_a
